Local Time,Hour,Day,EightHour,Temperature,Consumption,Cooling,Appliances,Baseload,Occupancy
2015-07-01 00:00:00,0,2015-07-01 00:00:00,2015-07-01 00:00:00,62.1,0.275072089201,0.0653421749307,0.0680807117369,0.141649202533,1
2015-07-01 01:00:00,1,2015-07-01 00:00:00,2015-07-01 00:00:00,62.1,0.30165532227,0.0615746974465,0.0718537289058,0.168226895918,1
2015-07-01 02:00:00,2,2015-07-01 00:00:00,2015-07-01 00:00:00,61.0,0.415138112033,0.142971832354,0.0884772936834,0.183688985996,1
2015-07-01 03:00:00,3,2015-07-01 00:00:00,2015-07-01 00:00:00,61.0,0.279989356788,0.0492523480944,0.0963693105599,0.134367698134,1
2015-07-01 04:00:00,4,2015-07-01 00:00:00,2015-07-01 00:00:00,61.0,0.405542821153,0.170602740277,0.139947709942,0.0949923709337,1
2015-07-01 05:00:00,5,2015-07-01 00:00:00,2015-07-01 00:00:00,62.1,0.595136760103,0.0989988553549,0.274103114856,0.222034789892,1
2015-07-01 06:00:00,6,2015-07-01 00:00:00,2015-07-01 00:00:00,62.1,0.985696432293,0.104436073412,0.720977210573,0.160283148308,2
2015-07-01 07:00:00,7,2015-07-01 00:00:00,2015-07-01 00:00:00,62.1,0.64754636269,0.132918467364,0.225547679069,0.289080216256,2
2015-07-01 08:00:00,8,2015-07-01 00:00:00,2015-07-01 08:00:00,63.0,0.499338115941,0.0647534176756,0.131209603214,0.303375095051,0
2015-07-01 09:00:00,9,2015-07-01 00:00:00,2015-07-01 08:00:00,64.9,0.504074790438,0.150534721434,0.087051442137,0.266488626866,0
2015-07-01 10:00:00,10,2015-07-01 00:00:00,2015-07-01 08:00:00,66.9,0.229538752272,0.06995427415,0.0895927351003,0.0699917430217,0
2015-07-01 11:00:00,11,2015-07-01 00:00:00,2015-07-01 08:00:00,66.9,0.380128190806,0.063469741915,0.162346587281,0.15431186161,0
2015-07-01 12:00:00,12,2015-07-01 00:00:00,2015-07-01 08:00:00,68.0,1.22635146351,0.106127423606,0.934621782832,0.185602257069,2
2015-07-01 13:00:00,13,2015-07-01 00:00:00,2015-07-01 08:00:00,69.1,0.611941974803,0.143778425683,0.140594288825,0.327569260295,0
2015-07-01 14:00:00,14,2015-07-01 00:00:00,2015-07-01 08:00:00,73.9,0.482456403103,0.141974060435,0.16735514132,0.173127201349,0
2015-07-01 15:00:00,15,2015-07-01 00:00:00,2015-07-01 08:00:00,75.0,0.607661229401,0.0920445331863,0.161166062066,0.354450634149,0
2015-07-01 16:00:00,16,2015-07-01 00:00:00,2015-07-01 16:00:00,75.0,1.00997683609,0.638359110749,0.277957220313,0.0936605050237,2
2015-07-01 17:00:00,17,2015-07-01 00:00:00,2015-07-01 16:00:00,75.0,1.43198983639,0.608393839782,0.618999147974,0.20459684863,2
2015-07-01 18:00:00,18,2015-07-01 00:00:00,2015-07-01 16:00:00,73.9,0.331689681005,0.08253927614,0.0612205268385,0.187929878027,0
2015-07-01 19:00:00,19,2015-07-01 00:00:00,2015-07-01 16:00:00,73.0,0.242169909317,0.0666914300843,0.0407220373458,0.134756441887,0
2015-07-01 20:00:00,20,2015-07-01 00:00:00,2015-07-01 16:00:00,70.0,0.786374631894,0.0984912652879,0.313222415558,0.374660951048,2
2015-07-01 21:00:00,21,2015-07-01 00:00:00,2015-07-01 16:00:00,69.1,0.86212087111,0.0788600283216,0.478953683352,0.304307159436,2
2015-07-01 22:00:00,22,2015-07-01 00:00:00,2015-07-01 16:00:00,64.9,0.300757029073,0.0820264113708,0.0436744330511,0.175056184651,1
2015-07-01 23:00:00,23,2015-07-01 00:00:00,2015-07-01 16:00:00,64.0,0.556236034137,0.125650234884,0.150937623612,0.279648175642,1
2015-07-02 00:00:00,0,2015-07-02 00:00:00,2015-07-02 00:00:00,62.1,0.6249604574,0.145901236988,0.109882108612,0.369177111801,1
2015-07-02 01:00:00,1,2015-07-02 00:00:00,2015-07-02 00:00:00,63.0,0.477090190027,0.127985552767,0.0714667271441,0.277637910116,1
2015-07-02 02:00:00,2,2015-07-02 00:00:00,2015-07-02 00:00:00,60.1,0.386333770254,0.076360898834,0.128359998171,0.181612873249,1
2015-07-02 03:00:00,3,2015-07-02 00:00:00,2015-07-02 00:00:00,61.0,0.314400352459,0.0693569391449,0.0548457130922,0.190197700222,1
2015-07-02 04:00:00,4,2015-07-02 00:00:00,2015-07-02 00:00:00,60.1,0.419531755624,0.112689661873,0.139121625478,0.167720468273,1
2015-07-02 05:00:00,5,2015-07-02 00:00:00,2015-07-02 00:00:00,61.0,0.326743126065,0.0852092955102,0.0208923674435,0.220641463111,1
2015-07-02 06:00:00,6,2015-07-02 00:00:00,2015-07-02 00:00:00,60.1,1.06778618338,0.107923949832,0.733735051334,0.226127182216,2
2015-07-02 07:00:00,7,2015-07-02 00:00:00,2015-07-02 00:00:00,61.0,0.817699544288,0.0752444593867,0.605743957971,0.136711126931,2
2015-07-02 08:00:00,8,2015-07-02 00:00:00,2015-07-02 08:00:00,61.0,0.31228396761,0.0909738653819,0.116294534923,0.105015567306,0
2015-07-02 09:00:00,9,2015-07-02 00:00:00,2015-07-02 08:00:00,66.9,0.615630220797,0.119951240442,0.139437358136,0.356241622219,0
2015-07-02 10:00:00,10,2015-07-02 00:00:00,2015-07-02 08:00:00,69.1,0.392304072578,0.0534529602125,0.0975559755107,0.241295136855,0
2015-07-02 11:00:00,11,2015-07-02 00:00:00,2015-07-02 08:00:00,71.1,0.297345381262,0.11044025073,0.0734711618546,0.113433968677,0
2015-07-02 12:00:00,12,2015-07-02 00:00:00,2015-07-02 08:00:00,72.0,0.467069912354,0.0870085195598,0.0666363287401,0.313425064054,0
2015-07-02 13:00:00,13,2015-07-02 00:00:00,2015-07-02 08:00:00,73.9,1.11695231435,0.521251957792,0.138557137481,0.457143219078,2
2015-07-02 14:00:00,14,2015-07-02 00:00:00,2015-07-02 08:00:00,73.9,0.531804826494,0.099663268434,0.168480698641,0.263660859419,0
2015-07-02 15:00:00,15,2015-07-02 00:00:00,2015-07-02 08:00:00,77.0,0.261536365911,0.0612880182137,0.0761681231406,0.124080224556,0
2015-07-02 16:00:00,16,2015-07-02 00:00:00,2015-07-02 16:00:00,77.0,0.266873167707,0.119418421725,0.0927091075145,0.0547456384679,0
2015-07-02 17:00:00,17,2015-07-02 00:00:00,2015-07-02 16:00:00,77.0,0.476363329149,0.144599538651,0.151178062846,0.180585727652,0
2015-07-02 18:00:00,18,2015-07-02 00:00:00,2015-07-02 16:00:00,75.9,1.87243889298,0.7345312464,0.737605347444,0.40030229914,2
2015-07-02 19:00:00,19,2015-07-02 00:00:00,2015-07-02 16:00:00,75.0,1.91315586826,0.308188716369,1.22790207084,0.377065081054,2
2015-07-02 20:00:00,20,2015-07-02 00:00:00,2015-07-02 16:00:00,73.0,1.36535310833,0.627710804584,0.431039726075,0.306602577673,2
2015-07-02 21:00:00,21,2015-07-02 00:00:00,2015-07-02 16:00:00,71.1,0.519388215423,0.168712253223,0.155080078794,0.195595883406,2
2015-07-02 22:00:00,22,2015-07-02 00:00:00,2015-07-02 16:00:00,66.9,0.397757972615,0.124451122979,0.067411308808,0.205895540828,1
2015-07-02 23:00:00,23,2015-07-02 00:00:00,2015-07-02 16:00:00,64.9,0.471647840197,0.170999826238,0.137175565676,0.163472448282,1
2015-07-03 00:00:00,0,2015-07-03 00:00:00,2015-07-03 00:00:00,64.0,0.48266134176,0.121100275055,0.0509261677131,0.310634898992,1
2015-07-03 01:00:00,1,2015-07-03 00:00:00,2015-07-03 00:00:00,63.0,0.367644265995,0.0806768644856,0.0844201548255,0.202547246684,1
2015-07-03 02:00:00,2,2015-07-03 00:00:00,2015-07-03 00:00:00,61.0,0.421625512158,0.0902256576045,0.0454650474322,0.285934807121,1
2015-07-03 03:00:00,3,2015-07-03 00:00:00,2015-07-03 00:00:00,59.0,0.558370770599,0.0903460405207,0.185663386343,0.282361343735,1
2015-07-03 04:00:00,4,2015-07-03 00:00:00,2015-07-03 00:00:00,59.0,0.496510158884,0.178888533028,0.117489856389,0.200131769467,1
2015-07-03 05:00:00,5,2015-07-03 00:00:00,2015-07-03 00:00:00,57.0,0.554778522666,0.0710090965143,0.233179373009,0.250590053143,1
2015-07-03 06:00:00,6,2015-07-03 00:00:00,2015-07-03 00:00:00,57.9,0.80835348984,0.0854910118257,0.45487828215,0.267984195864,2
2015-07-03 07:00:00,7,2015-07-03 00:00:00,2015-07-03 00:00:00,61.0,0.602963128825,0.106235985289,0.284111366115,0.212615777421,2
2015-07-03 08:00:00,8,2015-07-03 00:00:00,2015-07-03 08:00:00,64.0,0.27162756035,0.0670272339058,0.0754476653097,0.129152661135,0
2015-07-03 09:00:00,9,2015-07-03 00:00:00,2015-07-03 08:00:00,70.0,0.533911645285,0.0792746777833,0.0690019415234,0.385635025978,0
2015-07-03 10:00:00,10,2015-07-03 00:00:00,2015-07-03 08:00:00,73.0,0.348010008747,0.0901450082837,0.100759334577,0.157105665887,0
2015-07-03 11:00:00,11,2015-07-03 00:00:00,2015-07-03 08:00:00,73.9,0.383259721207,0.120947455527,0.147935150331,0.11437711535,0
2015-07-03 12:00:00,12,2015-07-03 00:00:00,2015-07-03 08:00:00,75.9,0.389198382294,0.065680521809,0.0701920320695,0.253325828416,0
2015-07-03 13:00:00,13,2015-07-03 00:00:00,2015-07-03 08:00:00,79.0,0.288133338519,0.070879325046,0.105266211248,0.111987802225,0
2015-07-03 14:00:00,14,2015-07-03 00:00:00,2015-07-03 08:00:00,79.0,0.289230188395,0.082161253418,0.0766863999978,0.13038253498,0
2015-07-03 15:00:00,15,2015-07-03 00:00:00,2015-07-03 08:00:00,78.1,0.32475198208,0.0569433850729,0.106266812108,0.161541784899,0
2015-07-03 16:00:00,16,2015-07-03 00:00:00,2015-07-03 16:00:00,78.1,1.51503021083,0.871695216842,0.392159005359,0.251175988629,2
2015-07-03 17:00:00,17,2015-07-03 00:00:00,2015-07-03 16:00:00,77.0,1.81769168905,1.16138310001,0.565137552362,0.0911710366782,2
2015-07-03 18:00:00,18,2015-07-03 00:00:00,2015-07-03 16:00:00,75.0,1.11998854258,0.443724021083,0.475046506077,0.201218015422,2
2015-07-03 19:00:00,19,2015-07-03 00:00:00,2015-07-03 16:00:00,70.0,0.694873376813,0.0760465887886,0.48956369668,0.129263091344,2
2015-07-03 20:00:00,20,2015-07-03 00:00:00,2015-07-03 16:00:00,68.0,1.02248760326,0.103672543278,0.665289605067,0.253525454917,2
2015-07-03 21:00:00,21,2015-07-03 00:00:00,2015-07-03 16:00:00,68.0,0.726813081548,0.0611049645419,0.441297747361,0.224410369645,2
2015-07-03 22:00:00,22,2015-07-03 00:00:00,2015-07-03 16:00:00,66.9,0.347005327286,0.0737790270017,0.110864259557,0.162362040727,1
2015-07-03 23:00:00,23,2015-07-03 00:00:00,2015-07-03 16:00:00,66.9,0.760804577297,0.0569215624979,0.457584621455,0.246298393343,2
2015-07-04 00:00:00,0,2015-07-04 00:00:00,2015-07-04 00:00:00,66.9,0.396429085364,0.160428102174,0.166056403918,0.0699445792719,1
2015-07-04 01:00:00,1,2015-07-04 00:00:00,2015-07-04 00:00:00,66.9,0.434433526599,0.105098738803,0.0880046757847,0.241330112011,1
2015-07-04 02:00:00,2,2015-07-04 00:00:00,2015-07-04 00:00:00,66.0,0.958823205225,0.139412277444,0.593382507379,0.226028420403,2
2015-07-04 03:00:00,3,2015-07-04 00:00:00,2015-07-04 00:00:00,66.0,0.530874393896,0.0870906610959,0.0619398291277,0.381843903673,1
2015-07-04 04:00:00,4,2015-07-04 00:00:00,2015-07-04 00:00:00,66.0,0.475738254936,0.0925581105069,0.0996664352239,0.283513709205,1
2015-07-04 05:00:00,5,2015-07-04 00:00:00,2015-07-04 00:00:00,66.0,0.48234923121,0.0811654627451,0.160404539904,0.240779228561,2
2015-07-04 06:00:00,6,2015-07-04 00:00:00,2015-07-04 00:00:00,66.0,0.718013129493,0.0397004804153,0.440188588646,0.238124060432,2
2015-07-04 07:00:00,7,2015-07-04 00:00:00,2015-07-04 00:00:00,66.9,0.289829761682,0.0919249996016,0.0794234819135,0.118481280167,0
2015-07-04 08:00:00,8,2015-07-04 00:00:00,2015-07-04 08:00:00,68.0,0.682956480866,0.135466990226,0.418501749229,0.12898774141,2
2015-07-04 09:00:00,9,2015-07-04 00:00:00,2015-07-04 08:00:00,69.1,0.511254843672,0.0751616870593,0.196316684351,0.239776472262,0
2015-07-04 10:00:00,10,2015-07-04 00:00:00,2015-07-04 08:00:00,71.1,0.74706181998,0.0711256568847,0.12172149879,0.554214664305,0
2015-07-04 11:00:00,11,2015-07-04 00:00:00,2015-07-04 08:00:00,73.9,0.346965805364,0.131839725708,0.112739464619,0.102386615037,0
2015-07-04 12:00:00,12,2015-07-04 00:00:00,2015-07-04 08:00:00,77.0,0.236905688662,0.0626883685002,0.0741068571086,0.100110463053,0
2015-07-04 13:00:00,13,2015-07-04 00:00:00,2015-07-04 08:00:00,78.1,0.428582058723,0.0796870470068,0.169211844635,0.179683167081,0
2015-07-04 14:00:00,14,2015-07-04 00:00:00,2015-07-04 08:00:00,79.0,0.40906752566,0.14637145651,0.11776602004,0.14493004911,0
2015-07-04 15:00:00,15,2015-07-04 00:00:00,2015-07-04 08:00:00,80.1,1.14075500189,0.64310274071,0.289706936742,0.207945324436,2
2015-07-04 16:00:00,16,2015-07-04 00:00:00,2015-07-04 16:00:00,80.1,0.307185756567,0.0618205925076,0.0952633697083,0.150101794351,0
2015-07-04 17:00:00,17,2015-07-04 00:00:00,2015-07-04 16:00:00,79.0,0.428383610798,0.0795931450453,0.102320390987,0.246470074766,0
2015-07-04 18:00:00,18,2015-07-04 00:00:00,2015-07-04 16:00:00,78.1,1.90766225472,1.28489999454,0.48873214683,0.134030113355,2
2015-07-04 19:00:00,19,2015-07-04 00:00:00,2015-07-04 16:00:00,77.0,0.230058168326,0.0781464185346,0.0580218502363,0.093889899555,0
2015-07-04 20:00:00,20,2015-07-04 00:00:00,2015-07-04 16:00:00,72.0,1.3051633313,0.502975224908,0.55067753159,0.2515105748,2
2015-07-04 21:00:00,21,2015-07-04 00:00:00,2015-07-04 16:00:00,72.0,0.704709926471,0.304026586249,0.309783186282,0.0909001539399,2
2015-07-04 22:00:00,22,2015-07-04 00:00:00,2015-07-04 16:00:00,70.0,0.61275308512,0.10781315544,0.130106145051,0.374833784629,1
2015-07-04 23:00:00,23,2015-07-04 00:00:00,2015-07-04 16:00:00,68.0,0.237553311076,0.0440512653907,0.0931368140019,0.100365231684,1
2015-07-05 00:00:00,0,2015-07-05 00:00:00,2015-07-05 00:00:00,64.0,0.329892182481,0.0562789568674,0.160708895427,0.112904330186,1
2015-07-05 01:00:00,1,2015-07-05 00:00:00,2015-07-05 00:00:00,62.1,0.587548126952,0.0813732789194,0.199141386454,0.307033461578,1
2015-07-05 02:00:00,2,2015-07-05 00:00:00,2015-07-05 00:00:00,61.0,0.307347855854,0.072775747278,0.0785532225901,0.156018885986,1
2015-07-05 03:00:00,3,2015-07-05 00:00:00,2015-07-05 00:00:00,57.9,0.277936108058,0.0675523493525,0.0526662048681,0.157717553837,1
2015-07-05 04:00:00,4,2015-07-05 00:00:00,2015-07-05 00:00:00,60.1,0.408386662312,0.104863900288,0.215117742592,0.0884050194319,1
2015-07-05 05:00:00,5,2015-07-05 00:00:00,2015-07-05 00:00:00,57.9,0.383285415921,0.0950733497066,0.127120280608,0.161091785606,1
2015-07-05 06:00:00,6,2015-07-05 00:00:00,2015-07-05 00:00:00,59.0,0.559082437862,0.0988547927918,0.291293347611,0.16893429746,2
2015-07-05 07:00:00,7,2015-07-05 00:00:00,2015-07-05 00:00:00,60.1,0.57610145998,0.0618591946477,0.380370696448,0.133871568884,2
2015-07-05 08:00:00,8,2015-07-05 00:00:00,2015-07-05 08:00:00,64.0,0.330117646962,0.0945067948249,0.0990467644711,0.136564087666,0
2015-07-05 09:00:00,9,2015-07-05 00:00:00,2015-07-05 08:00:00,68.0,0.511255665559,0.130901071693,0.148942831733,0.231411762133,0
2015-07-05 10:00:00,10,2015-07-05 00:00:00,2015-07-05 08:00:00,72.0,0.177876466223,0.0395197102945,0.0510291785232,0.0873275774049,0
2015-07-05 11:00:00,11,2015-07-05 00:00:00,2015-07-05 08:00:00,75.0,0.354362217466,0.0697561564295,0.191231135093,0.0933749259436,0
2015-07-05 12:00:00,12,2015-07-05 00:00:00,2015-07-05 08:00:00,75.9,0.345553683507,0.0771655136185,0.0595126216741,0.208875548215,0
2015-07-05 13:00:00,13,2015-07-05 00:00:00,2015-07-05 08:00:00,80.1,0.277215028347,0.0591180239878,0.0681462605755,0.149950743784,0
2015-07-05 14:00:00,14,2015-07-05 00:00:00,2015-07-05 08:00:00,80.1,0.452727885022,0.167425651698,0.105297965249,0.180004268075,0
2015-07-05 15:00:00,15,2015-07-05 00:00:00,2015-07-05 08:00:00,81.0,0.576256643137,0.209017188783,0.111582617608,0.255656836746,0
2015-07-05 16:00:00,16,2015-07-05 00:00:00,2015-07-05 16:00:00,82.0,1.82777311493,1.11650382827,0.365557401341,0.345711885325,2
2015-07-05 17:00:00,17,2015-07-05 00:00:00,2015-07-05 16:00:00,81.0,0.393809382476,0.156599062403,0.13001945818,0.107190861892,0
2015-07-05 18:00:00,18,2015-07-05 00:00:00,2015-07-05 16:00:00,80.1,0.45901058878,0.0670648791722,0.162355785175,0.229589924433,0
2015-07-05 19:00:00,19,2015-07-05 00:00:00,2015-07-05 16:00:00,78.1,0.410126101314,0.0685458682294,0.0890537510469,0.252526482038,0
2015-07-05 20:00:00,20,2015-07-05 00:00:00,2015-07-05 16:00:00,77.0,0.242613036421,0.130006620086,0.0791141498574,0.0334922664772,0
2015-07-05 21:00:00,21,2015-07-05 00:00:00,2015-07-05 16:00:00,75.9,1.00799585328,0.57238302924,0.254260405561,0.181352418477,2
2015-07-05 22:00:00,22,2015-07-05 00:00:00,2015-07-05 16:00:00,73.0,0.9936128705,0.629270279666,0.0880760306956,0.276266560139,1
2015-07-05 23:00:00,23,2015-07-05 00:00:00,2015-07-05 16:00:00,73.0,0.944594653977,0.487713971434,0.121629488866,0.335251193676,1
2015-07-06 00:00:00,0,2015-07-06 00:00:00,2015-07-06 00:00:00,73.0,0.607859021769,0.371327537587,0.102816934294,0.133714549889,1
2015-07-06 01:00:00,1,2015-07-06 00:00:00,2015-07-06 00:00:00,73.0,0.65865822637,0.304464682014,0.114946724264,0.239246820091,1
2015-07-06 02:00:00,2,2015-07-06 00:00:00,2015-07-06 00:00:00,72.0,0.58084005303,0.310753750068,0.0826860701127,0.187400232849,1
2015-07-06 03:00:00,3,2015-07-06 00:00:00,2015-07-06 00:00:00,73.0,0.613337089409,0.296585818159,0.142353635465,0.174397635784,1
2015-07-06 04:00:00,4,2015-07-06 00:00:00,2015-07-06 00:00:00,72.0,0.629946068473,0.273725020269,0.113329732939,0.242891315265,1
2015-07-06 05:00:00,5,2015-07-06 00:00:00,2015-07-06 00:00:00,71.1,0.4364880787,0.177077383191,0.096804267528,0.16260642798,1
2015-07-06 06:00:00,6,2015-07-06 00:00:00,2015-07-06 00:00:00,71.1,0.647229377762,0.280663945317,0.23000876043,0.136556672016,2
2015-07-06 07:00:00,7,2015-07-06 00:00:00,2015-07-06 00:00:00,72.0,0.301498960036,0.0360357144561,0.118344777338,0.147118468242,0
2015-07-06 08:00:00,8,2015-07-06 00:00:00,2015-07-06 08:00:00,73.0,0.52704641055,0.148663676049,0.160528083248,0.217854651252,0
2015-07-06 09:00:00,9,2015-07-06 00:00:00,2015-07-06 08:00:00,75.0,0.376172081097,0.0763235828534,0.135730073041,0.164118425202,0
2015-07-06 10:00:00,10,2015-07-06 00:00:00,2015-07-06 08:00:00,77.0,0.284179349298,0.0787967846176,0.115884806619,0.0894977580616,0
2015-07-06 11:00:00,11,2015-07-06 00:00:00,2015-07-06 08:00:00,79.0,0.352195696326,0.0737464383429,0.178329553965,0.100119704018,0
2015-07-06 12:00:00,12,2015-07-06 00:00:00,2015-07-06 08:00:00,75.9,0.388341758953,0.0975013185662,0.13779595787,0.153044482517,0
2015-07-06 13:00:00,13,2015-07-06 00:00:00,2015-07-06 08:00:00,72.0,0.44111928951,0.136222211226,0.158290171783,0.1466069065,0
2015-07-06 14:00:00,14,2015-07-06 00:00:00,2015-07-06 08:00:00,75.0,0.487174915322,0.0945768252873,0.124749848741,0.267848241294,0
2015-07-06 15:00:00,15,2015-07-06 00:00:00,2015-07-06 08:00:00,79.0,0.440754688463,0.0867876394272,0.038816188946,0.31515086009,0
2015-07-06 16:00:00,16,2015-07-06 00:00:00,2015-07-06 16:00:00,80.1,1.293524679,0.640571646799,0.229639762979,0.423313269225,2
2015-07-06 17:00:00,17,2015-07-06 00:00:00,2015-07-06 16:00:00,81.0,0.623139467295,0.125097576678,0.278754533423,0.219287357194,0
2015-07-06 18:00:00,18,2015-07-06 00:00:00,2015-07-06 16:00:00,77.0,0.390924530894,0.0754100588791,0.111519288969,0.203995183045,0
2015-07-06 19:00:00,19,2015-07-06 00:00:00,2015-07-06 16:00:00,77.0,0.330250817724,0.091254738601,0.0518374619727,0.187158617151,0
2015-07-06 20:00:00,20,2015-07-06 00:00:00,2015-07-06 16:00:00,73.9,0.977717750508,0.457303342334,0.269131162385,0.251283245789,2
2015-07-06 21:00:00,21,2015-07-06 00:00:00,2015-07-06 16:00:00,72.0,1.38231508562,0.479760489133,0.710994025085,0.191560571401,2
2015-07-06 22:00:00,22,2015-07-06 00:00:00,2015-07-06 16:00:00,71.1,0.360173668286,0.153660816621,0.0579866395604,0.148526212104,1
2015-07-06 23:00:00,23,2015-07-06 00:00:00,2015-07-06 16:00:00,70.0,0.293215712106,0.0655563357654,0.0936864878374,0.133972888503,1
2015-07-07 00:00:00,0,2015-07-07 00:00:00,2015-07-07 00:00:00,69.1,0.524015207442,0.157764177501,0.104283050958,0.261967978983,1
2015-07-07 01:00:00,1,2015-07-07 00:00:00,2015-07-07 00:00:00,68.0,0.333566808799,0.0987908030313,0.0799630594073,0.154812946361,1
2015-07-07 02:00:00,2,2015-07-07 00:00:00,2015-07-07 00:00:00,70.0,0.44318828314,0.103305772333,0.119904505025,0.219978005783,1
2015-07-07 03:00:00,3,2015-07-07 00:00:00,2015-07-07 00:00:00,70.0,0.437541515991,0.0625242425932,0.16010670322,0.214910570179,1
2015-07-07 04:00:00,4,2015-07-07 00:00:00,2015-07-07 00:00:00,70.0,0.345405402787,0.0655580905465,0.124266053443,0.155581258797,1
2015-07-07 05:00:00,5,2015-07-07 00:00:00,2015-07-07 00:00:00,68.0,0.696185774143,0.148799851706,0.284416433621,0.262969488816,2
2015-07-07 06:00:00,6,2015-07-07 00:00:00,2015-07-07 00:00:00,66.9,0.763537241802,0.118421927175,0.3414028427,0.303712471926,2
2015-07-07 07:00:00,7,2015-07-07 00:00:00,2015-07-07 00:00:00,70.0,0.325243050478,0.0700019447328,0.0804662186756,0.17477488707,0
2015-07-07 08:00:00,8,2015-07-07 00:00:00,2015-07-07 08:00:00,73.0,0.271610050894,0.113299624525,0.0310121092256,0.127298317143,0
2015-07-07 09:00:00,9,2015-07-07 00:00:00,2015-07-07 08:00:00,75.9,0.484576631899,0.11031375847,0.081707437172,0.292555436257,0
2015-07-07 10:00:00,10,2015-07-07 00:00:00,2015-07-07 08:00:00,79.0,1.56258331197,0.766008137801,0.501073779508,0.295501394656,2
2015-07-07 11:00:00,11,2015-07-07 00:00:00,2015-07-07 08:00:00,80.1,0.299236962016,0.067786304768,0.0484157851307,0.183034872118,0
2015-07-07 12:00:00,12,2015-07-07 00:00:00,2015-07-07 08:00:00,82.0,0.374957350295,0.221054640209,0.0457776429614,0.108125067124,0
2015-07-07 13:00:00,13,2015-07-07 00:00:00,2015-07-07 08:00:00,82.9,0.427346042696,0.112211376976,0.163518285935,0.151616379785,0
2015-07-07 14:00:00,14,2015-07-07 00:00:00,2015-07-07 08:00:00,84.9,2.57622646413,1.49763825794,0.830761555839,0.247826650351,2
2015-07-07 15:00:00,15,2015-07-07 00:00:00,2015-07-07 08:00:00,84.9,0.878795482983,0.543506591348,0.0989522675277,0.236336624108,0
2015-07-07 16:00:00,16,2015-07-07 00:00:00,2015-07-07 16:00:00,84.0,1.90947522762,1.01411281728,0.712719660906,0.182642749432,2
2015-07-07 17:00:00,17,2015-07-07 00:00:00,2015-07-07 16:00:00,82.9,2.19517623311,1.82609994107,0.249351552143,0.119724739901,2
2015-07-07 18:00:00,18,2015-07-07 00:00:00,2015-07-07 16:00:00,82.0,1.45125319708,1.15963785505,0.15197053854,0.139644803487,2
2015-07-07 19:00:00,19,2015-07-07 00:00:00,2015-07-07 16:00:00,82.0,0.32536460246,0.16675583776,0.10231365203,0.0562951126695,0
2015-07-07 20:00:00,20,2015-07-07 00:00:00,2015-07-07 16:00:00,72.0,0.9512769797,0.127263298791,0.702081549033,0.121932131876,2
2015-07-07 21:00:00,21,2015-07-07 00:00:00,2015-07-07 16:00:00,72.0,1.2102356708,0.321942879828,0.740344681762,0.147948109213,2
2015-07-07 22:00:00,22,2015-07-07 00:00:00,2015-07-07 16:00:00,72.0,0.740572432825,0.408606778412,0.0956288950346,0.236336759378,1
2015-07-07 23:00:00,23,2015-07-07 00:00:00,2015-07-07 16:00:00,73.0,0.470126111829,0.205090701215,0.0887918253933,0.176243585222,1
2015-07-08 00:00:00,0,2015-07-08 00:00:00,2015-07-08 00:00:00,73.0,0.899560637374,0.444625528685,0.100205076527,0.354730032162,1
2015-07-08 01:00:00,1,2015-07-08 00:00:00,2015-07-08 00:00:00,72.0,0.688410194792,0.375866167725,0.171747394041,0.140796633027,1
2015-07-08 02:00:00,2,2015-07-08 00:00:00,2015-07-08 00:00:00,72.0,0.534084644249,0.24405321011,0.15599955634,0.134031877799,1
2015-07-08 03:00:00,3,2015-07-08 00:00:00,2015-07-08 00:00:00,71.1,0.534569169414,0.204344408091,0.114620716548,0.215604044775,1
2015-07-08 04:00:00,4,2015-07-08 00:00:00,2015-07-08 00:00:00,71.1,0.302268015039,0.127936462604,0.0615414899751,0.112790062461,1
2015-07-08 05:00:00,5,2015-07-08 00:00:00,2015-07-08 00:00:00,66.9,0.561525554299,0.11841838348,0.315246818639,0.12786035218,2
2015-07-08 06:00:00,6,2015-07-08 00:00:00,2015-07-08 00:00:00,64.0,0.655534342392,0.108683216279,0.422013133342,0.124837992772,2
2015-07-08 07:00:00,7,2015-07-08 00:00:00,2015-07-08 00:00:00,64.0,1.03197051049,0.170717447759,0.680286734219,0.180966328509,2
2015-07-08 08:00:00,8,2015-07-08 00:00:00,2015-07-08 08:00:00,64.0,0.314399849584,0.0583844720989,0.0653243831425,0.190690994343,0
2015-07-08 09:00:00,9,2015-07-08 00:00:00,2015-07-08 08:00:00,64.9,0.32676933786,0.063287887741,0.110428380532,0.153053069587,0
2015-07-08 10:00:00,10,2015-07-08 00:00:00,2015-07-08 08:00:00,66.0,0.366981675908,0.0961515594546,0.0502165450268,0.220613571427,0
2015-07-08 11:00:00,11,2015-07-08 00:00:00,2015-07-08 08:00:00,66.9,0.297448471674,0.0935723620623,0.0361655160024,0.167710593609,0
2015-07-08 12:00:00,12,2015-07-08 00:00:00,2015-07-08 08:00:00,69.1,0.31984626634,0.115937924544,0.0603585954504,0.143549746346,0
2015-07-08 13:00:00,13,2015-07-08 00:00:00,2015-07-08 08:00:00,69.1,0.346084706505,0.114915767885,0.0893032465824,0.141865692037,0
2015-07-08 14:00:00,14,2015-07-08 00:00:00,2015-07-08 08:00:00,70.0,0.34053364215,0.105057434282,0.10209589931,0.133380308557,0
2015-07-08 15:00:00,15,2015-07-08 00:00:00,2015-07-08 08:00:00,71.1,0.546453355515,0.140670451458,0.118276578975,0.287506325083,0
2015-07-08 16:00:00,16,2015-07-08 00:00:00,2015-07-08 16:00:00,71.1,1.06036986901,0.175395333323,0.612105610088,0.272868925599,2
2015-07-08 17:00:00,17,2015-07-08 00:00:00,2015-07-08 16:00:00,72.0,0.291970338306,0.0651590077563,0.0359180248305,0.190893305719,0
2015-07-08 18:00:00,18,2015-07-08 00:00:00,2015-07-08 16:00:00,71.1,0.360344255813,0.101119898825,0.0488712628859,0.210353094102,0
2015-07-08 19:00:00,19,2015-07-08 00:00:00,2015-07-08 16:00:00,70.0,0.55448371324,0.114155954862,0.218485601865,0.221842156513,0
2015-07-08 20:00:00,20,2015-07-08 00:00:00,2015-07-08 16:00:00,69.1,0.692130614024,0.0703529195208,0.282680156022,0.339097538481,2
2015-07-08 21:00:00,21,2015-07-08 00:00:00,2015-07-08 16:00:00,69.1,1.22400456986,0.155461277637,0.835504759407,0.233038532811,2
2015-07-08 22:00:00,22,2015-07-08 00:00:00,2015-07-08 16:00:00,69.1,0.40169397246,0.106223738002,0.0535236043416,0.241946630116,1
2015-07-08 23:00:00,23,2015-07-08 00:00:00,2015-07-08 16:00:00,68.0,0.468764432907,0.0979170835513,0.0926377065105,0.278209642845,1
2015-07-09 00:00:00,0,2015-07-09 00:00:00,2015-07-09 00:00:00,68.0,0.358631930893,0.0908171751549,0.0978387421357,0.169976013602,1
2015-07-09 01:00:00,1,2015-07-09 00:00:00,2015-07-09 00:00:00,66.9,0.328047139947,0.162936546584,0.0560789479124,0.10903164545,1
2015-07-09 02:00:00,2,2015-07-09 00:00:00,2015-07-09 00:00:00,66.9,0.575476803794,0.117189854681,0.0989187342377,0.359368214875,1
2015-07-09 03:00:00,3,2015-07-09 00:00:00,2015-07-09 00:00:00,66.9,0.286836538915,0.0753562185203,0.027651525695,0.1838287947,1
2015-07-09 04:00:00,4,2015-07-09 00:00:00,2015-07-09 00:00:00,68.0,0.263234555528,0.151479353172,0.0570681269654,0.0546870753907,1
2015-07-09 05:00:00,5,2015-07-09 00:00:00,2015-07-09 00:00:00,68.0,0.926176055661,0.128284252644,0.671426579265,0.126465223752,2
2015-07-09 06:00:00,6,2015-07-09 00:00:00,2015-07-09 00:00:00,68.0,0.642766654529,0.0370277575319,0.313035767138,0.29270312986,2
2015-07-09 07:00:00,7,2015-07-09 00:00:00,2015-07-09 00:00:00,69.1,0.372027134857,0.104842234103,0.0451907292376,0.221994171517,0
2015-07-09 08:00:00,8,2015-07-09 00:00:00,2015-07-09 08:00:00,72.0,0.728772738056,0.179095859725,0.233846040172,0.315830838159,2
2015-07-09 09:00:00,9,2015-07-09 00:00:00,2015-07-09 08:00:00,73.9,0.382649848435,0.112912790121,0.147188744649,0.122548313665,0
2015-07-09 10:00:00,10,2015-07-09 00:00:00,2015-07-09 08:00:00,78.1,0.310306838339,0.0711011758923,0.0843415304258,0.154864132021,0
2015-07-09 11:00:00,11,2015-07-09 00:00:00,2015-07-09 08:00:00,79.0,0.503979143934,0.0897542023948,0.0680042178057,0.346220723733,0
2015-07-09 12:00:00,12,2015-07-09 00:00:00,2015-07-09 08:00:00,81.0,0.528687027941,0.155301766897,0.141772738317,0.231612522726,0
2015-07-09 13:00:00,13,2015-07-09 00:00:00,2015-07-09 08:00:00,79.0,0.232211820841,0.0849585743298,0.0476405236572,0.099612722854,0
2015-07-09 14:00:00,14,2015-07-09 00:00:00,2015-07-09 08:00:00,80.1,0.301191581687,0.0939320117857,0.12572630374,0.0815332661614,0
2015-07-09 15:00:00,15,2015-07-09 00:00:00,2015-07-09 08:00:00,79.0,0.271827846749,0.0735336509379,0.0396351672689,0.158659028542,0
2015-07-09 16:00:00,16,2015-07-09 00:00:00,2015-07-09 16:00:00,73.0,0.800131243606,0.306341570939,0.30322265958,0.190567013087,2
2015-07-09 17:00:00,17,2015-07-09 00:00:00,2015-07-09 16:00:00,72.0,0.402575597118,0.0699024044093,0.146520973742,0.186152218967,0
2015-07-09 18:00:00,18,2015-07-09 00:00:00,2015-07-09 16:00:00,73.0,1.13586127983,0.585132360327,0.469922785211,0.0808061342973,2
2015-07-09 19:00:00,19,2015-07-09 00:00:00,2015-07-09 16:00:00,71.1,0.265717714775,0.111424467429,0.0791438081959,0.0751494391504,0
2015-07-09 20:00:00,20,2015-07-09 00:00:00,2015-07-09 16:00:00,71.1,0.419650307894,0.221374041219,0.0927363789113,0.105539887764,0
2015-07-09 21:00:00,21,2015-07-09 00:00:00,2015-07-09 16:00:00,69.1,0.840683463876,0.0879869237117,0.620551782472,0.132144757693,2
2015-07-09 22:00:00,22,2015-07-09 00:00:00,2015-07-09 16:00:00,69.1,0.454213346889,0.0770516934012,0.0469350624979,0.33022659099,1
2015-07-09 23:00:00,23,2015-07-09 00:00:00,2015-07-09 16:00:00,68.0,0.537271382537,0.0606798555471,0.0422194862178,0.434372040772,1
2015-07-10 00:00:00,0,2015-07-10 00:00:00,2015-07-10 00:00:00,66.9,0.43552041619,0.0746203232336,0.0995376866347,0.261362406321,1
2015-07-10 01:00:00,1,2015-07-10 00:00:00,2015-07-10 00:00:00,66.9,0.252320753825,0.076483009818,0.0976136509797,0.0782240930277,1
2015-07-10 02:00:00,2,2015-07-10 00:00:00,2015-07-10 00:00:00,66.9,0.550280452066,0.0833743412888,0.0268340379162,0.440072072861,1
2015-07-10 03:00:00,3,2015-07-10 00:00:00,2015-07-10 00:00:00,66.0,0.476092141543,0.0576146937281,0.181339950213,0.237137497601,1
2015-07-10 04:00:00,4,2015-07-10 00:00:00,2015-07-10 00:00:00,66.0,0.370239027063,0.143038322875,0.0630162045461,0.164184499642,1
2015-07-10 05:00:00,5,2015-07-10 00:00:00,2015-07-10 00:00:00,66.0,0.50058936167,0.0895143442822,0.0618459090789,0.349229108309,1
2015-07-10 06:00:00,6,2015-07-10 00:00:00,2015-07-10 00:00:00,64.9,0.807335366901,0.116948515245,0.431060937867,0.259325913789,2
2015-07-10 07:00:00,7,2015-07-10 00:00:00,2015-07-10 00:00:00,66.0,0.478980468127,0.0975731923544,0.120081181446,0.261326094326,0
2015-07-10 08:00:00,8,2015-07-10 00:00:00,2015-07-10 08:00:00,66.9,0.32251274542,0.0957753489066,0.0415058035237,0.18523159299,0
2015-07-10 09:00:00,9,2015-07-10 00:00:00,2015-07-10 08:00:00,68.0,0.486180229936,0.157868491492,0.0651592474782,0.263152490967,0
2015-07-10 10:00:00,10,2015-07-10 00:00:00,2015-07-10 08:00:00,66.9,0.627251084105,0.111206851518,0.155739307204,0.360304925383,0
2015-07-10 11:00:00,11,2015-07-10 00:00:00,2015-07-10 08:00:00,66.0,0.387166632959,0.0991302614622,0.0753913737731,0.212644997724,0
2015-07-10 12:00:00,12,2015-07-10 00:00:00,2015-07-10 08:00:00,66.0,0.434962685335,0.0750272908709,0.0989235555745,0.26101183889,0
2015-07-10 13:00:00,13,2015-07-10 00:00:00,2015-07-10 08:00:00,69.1,0.274755390117,0.0713145159776,0.058797496449,0.144643377691,0
2015-07-10 14:00:00,14,2015-07-10 00:00:00,2015-07-10 08:00:00,71.1,0.263904836306,0.128715013952,0.0888479677629,0.0463418545908,0
2015-07-10 15:00:00,15,2015-07-10 00:00:00,2015-07-10 08:00:00,72.0,0.353964699089,0.138395696972,0.0930320075555,0.122536994562,0
2015-07-10 16:00:00,16,2015-07-10 00:00:00,2015-07-10 16:00:00,73.0,0.394198414363,0.132633030763,0.0937159885565,0.167849395044,0
2015-07-10 17:00:00,17,2015-07-10 00:00:00,2015-07-10 16:00:00,72.0,0.502319804148,0.0556410126694,0.300623493647,0.146055297831,0
2015-07-10 18:00:00,18,2015-07-10 00:00:00,2015-07-10 16:00:00,71.1,0.461079238216,0.0904710245518,0.0781285235766,0.292479690088,0
2015-07-10 19:00:00,19,2015-07-10 00:00:00,2015-07-10 16:00:00,71.1,0.413675939421,0.0763024205306,0.125948771297,0.211424747594,0
2015-07-10 20:00:00,20,2015-07-10 00:00:00,2015-07-10 16:00:00,70.0,0.36127194758,0.0693316653596,0.0946907101915,0.197249572029,0
2015-07-10 21:00:00,21,2015-07-10 00:00:00,2015-07-10 16:00:00,69.1,0.52173031292,0.0837405885099,0.250056559592,0.187933164818,2
2015-07-10 22:00:00,22,2015-07-10 00:00:00,2015-07-10 16:00:00,69.1,0.372373289735,0.214752983119,0.0564399677896,0.101180338826,1
2015-07-10 23:00:00,23,2015-07-10 00:00:00,2015-07-10 16:00:00,68.0,0.455574503561,0.0906453209307,0.115588029477,0.249341153153,1
2015-07-11 00:00:00,0,2015-07-11 00:00:00,2015-07-11 00:00:00,68.0,0.33690448973,0.0872201467348,0.029116719943,0.220567623052,1
2015-07-11 01:00:00,1,2015-07-11 00:00:00,2015-07-11 00:00:00,66.0,0.403793739987,0.0958667150331,0.109881856879,0.198045168075,1
2015-07-11 02:00:00,2,2015-07-11 00:00:00,2015-07-11 00:00:00,66.0,0.368447920879,0.100308691568,0.0785035776378,0.189635651673,1
2015-07-11 03:00:00,3,2015-07-11 00:00:00,2015-07-11 00:00:00,66.0,0.330850943591,0.109813929958,0.0859126436925,0.135124369941,1
2015-07-11 04:00:00,4,2015-07-11 00:00:00,2015-07-11 00:00:00,64.0,0.488114958145,0.18399130669,0.075294965322,0.228828686133,1
2015-07-11 05:00:00,5,2015-07-11 00:00:00,2015-07-11 00:00:00,63.0,0.773279377971,0.0447917468693,0.619000104967,0.109487526135,2
2015-07-11 06:00:00,6,2015-07-11 00:00:00,2015-07-11 00:00:00,63.0,0.626284706725,0.111562563838,0.281285506992,0.233436635895,2
2015-07-11 07:00:00,7,2015-07-11 00:00:00,2015-07-11 00:00:00,64.9,0.584563963281,0.0811390895733,0.328830906817,0.17459396689,2
2015-07-11 08:00:00,8,2015-07-11 00:00:00,2015-07-11 08:00:00,68.0,0.511812251965,0.0734343655642,0.157519223614,0.280858662787,0
2015-07-11 09:00:00,9,2015-07-11 00:00:00,2015-07-11 08:00:00,72.0,0.403389653389,0.136492955177,0.0565744561236,0.210322242089,0
2015-07-11 10:00:00,10,2015-07-11 00:00:00,2015-07-11 08:00:00,75.0,0.462038157925,0.120539720608,0.125175660548,0.216322776769,0
2015-07-11 11:00:00,11,2015-07-11 00:00:00,2015-07-11 08:00:00,75.9,0.434397833266,0.10486362487,0.0519526366729,0.277581571724,0
2015-07-11 12:00:00,12,2015-07-11 00:00:00,2015-07-11 08:00:00,78.1,0.503545740418,0.12760467935,0.190361214475,0.185579846593,0
2015-07-11 13:00:00,13,2015-07-11 00:00:00,2015-07-11 08:00:00,81.0,0.36052691411,0.133044194534,0.10939273434,0.118089985235,0
2015-07-11 14:00:00,14,2015-07-11 00:00:00,2015-07-11 08:00:00,80.1,0.443557036107,0.138870584123,0.0971990434554,0.207487408529,0
2015-07-11 15:00:00,15,2015-07-11 00:00:00,2015-07-11 08:00:00,81.0,1.78058619611,0.867137576836,0.445863893465,0.467584725806,2
2015-07-11 16:00:00,16,2015-07-11 00:00:00,2015-07-11 16:00:00,82.0,1.92084045235,1.1520176483,0.502124273119,0.266698530931,2
2015-07-11 17:00:00,17,2015-07-11 00:00:00,2015-07-11 16:00:00,82.0,2.7659764498,2.10421053637,0.47582775825,0.185938155184,2
2015-07-11 18:00:00,18,2015-07-11 00:00:00,2015-07-11 16:00:00,81.0,0.356084557751,0.144318710193,0.0580352455974,0.153730601961,0
2015-07-11 19:00:00,19,2015-07-11 00:00:00,2015-07-11 16:00:00,79.0,0.672963696876,0.136267984372,0.0879301893935,0.448765523111,0
2015-07-11 20:00:00,20,2015-07-11 00:00:00,2015-07-11 16:00:00,75.0,0.490456250707,0.19214491199,0.192830481491,0.105480857226,2
2015-07-11 21:00:00,21,2015-07-11 00:00:00,2015-07-11 16:00:00,72.0,1.13015731944,0.326127911291,0.611767130042,0.192262278108,2
2015-07-11 22:00:00,22,2015-07-11 00:00:00,2015-07-11 16:00:00,72.0,0.744705342811,0.343908478572,0.136331969725,0.264464894513,1
2015-07-11 23:00:00,23,2015-07-11 00:00:00,2015-07-11 16:00:00,68.0,0.495764266917,0.0839615894295,0.0701778629925,0.341624814495,1
2015-07-12 00:00:00,0,2015-07-12 00:00:00,2015-07-12 00:00:00,64.9,0.46868155579,0.100421873244,0.184542873789,0.183716808757,1
2015-07-12 01:00:00,1,2015-07-12 00:00:00,2015-07-12 00:00:00,66.0,0.372933465968,0.0923110844396,0.122899488985,0.157722892543,1
2015-07-12 02:00:00,2,2015-07-12 00:00:00,2015-07-12 00:00:00,64.9,0.954544301475,0.0797340413753,0.581488704911,0.293321555188,2
2015-07-12 03:00:00,3,2015-07-12 00:00:00,2015-07-12 00:00:00,64.0,0.469084671775,0.181767361442,0.0998698711949,0.187447439138,1
2015-07-12 04:00:00,4,2015-07-12 00:00:00,2015-07-12 00:00:00,64.0,0.248944972076,0.101242189268,0.0396504991187,0.108052283689,1
2015-07-12 05:00:00,5,2015-07-12 00:00:00,2015-07-12 00:00:00,63.0,0.32533547403,0.0842180989233,0.120138818622,0.120978556484,1
2015-07-12 06:00:00,6,2015-07-12 00:00:00,2015-07-12 00:00:00,64.0,1.06308227984,0.0927396686433,0.663759056592,0.3065835546,2
2015-07-12 07:00:00,7,2015-07-12 00:00:00,2015-07-12 00:00:00,64.9,0.662588808566,0.12447378577,0.398388531104,0.139726491692,2
2015-07-12 08:00:00,8,2015-07-12 00:00:00,2015-07-12 08:00:00,68.0,0.418373193718,0.0760725074151,0.153269974308,0.189030711994,0
2015-07-12 09:00:00,9,2015-07-12 00:00:00,2015-07-12 08:00:00,72.0,0.361277694458,0.119334842858,0.091799250001,0.150143601599,0
2015-07-12 10:00:00,10,2015-07-12 00:00:00,2015-07-12 08:00:00,75.0,0.238651481077,0.0775452777462,0.048437550954,0.112668652377,0
2015-07-12 11:00:00,11,2015-07-12 00:00:00,2015-07-12 08:00:00,77.0,0.515783856708,0.154233812834,0.0514795414932,0.310070502381,0
2015-07-12 12:00:00,12,2015-07-12 00:00:00,2015-07-12 08:00:00,77.0,0.293843295147,0.0836634624519,0.0810276595716,0.129152173124,0
2015-07-12 13:00:00,13,2015-07-12 00:00:00,2015-07-12 08:00:00,79.0,0.357116921548,0.106065568426,0.0977254561306,0.153325896991,0
2015-07-12 14:00:00,14,2015-07-12 00:00:00,2015-07-12 08:00:00,77.0,0.44933367325,0.10052778404,0.11785394564,0.23095194357,0
2015-07-12 15:00:00,15,2015-07-12 00:00:00,2015-07-12 08:00:00,75.0,1.55255013527,0.632533001694,0.670174942962,0.249842190617,2
2015-07-12 16:00:00,16,2015-07-12 00:00:00,2015-07-12 16:00:00,71.1,1.17719514875,0.136436736657,0.803188970211,0.237569441883,2
2015-07-12 17:00:00,17,2015-07-12 00:00:00,2015-07-12 16:00:00,73.0,1.56322197361,0.445046126792,1.01034281727,0.107833029555,2
2015-07-12 18:00:00,18,2015-07-12 00:00:00,2015-07-12 16:00:00,71.1,1.02317774843,0.145824924148,0.745867392954,0.131485431323,2
2015-07-12 19:00:00,19,2015-07-12 00:00:00,2015-07-12 16:00:00,68.0,0.777209980175,0.13650266154,0.400908034799,0.239799283836,2
2015-07-12 20:00:00,20,2015-07-12 00:00:00,2015-07-12 16:00:00,66.9,0.392735100721,0.0751378170169,0.215828326573,0.101768957131,0
2015-07-12 21:00:00,21,2015-07-12 00:00:00,2015-07-12 16:00:00,66.0,0.376069313196,0.0943180160857,0.147702890276,0.134048406834,2
2015-07-12 22:00:00,22,2015-07-12 00:00:00,2015-07-12 16:00:00,68.0,0.156110261791,0.0693168042162,0.0560687636766,0.0307246938983,1
2015-07-12 23:00:00,23,2015-07-12 00:00:00,2015-07-12 16:00:00,68.0,0.319072342513,0.0924504241028,0.0917422997719,0.134879618639,1
2015-07-13 00:00:00,0,2015-07-13 00:00:00,2015-07-13 00:00:00,66.9,0.584812168553,0.140499892806,0.113203570575,0.331108705171,1
2015-07-13 01:00:00,1,2015-07-13 00:00:00,2015-07-13 00:00:00,68.0,0.443925476102,0.0742649196974,0.118120445529,0.251540110875,1
2015-07-13 02:00:00,2,2015-07-13 00:00:00,2015-07-13 00:00:00,68.0,0.357816663687,0.117388029057,0.0338991047459,0.206529529884,1
2015-07-13 03:00:00,3,2015-07-13 00:00:00,2015-07-13 00:00:00,66.9,0.414795458132,0.0863665794074,0.0845216681185,0.243907210606,1
2015-07-13 04:00:00,4,2015-07-13 00:00:00,2015-07-13 00:00:00,66.9,0.307482918698,0.0618455209713,0.168825470947,0.0768119267799,1
2015-07-13 05:00:00,5,2015-07-13 00:00:00,2015-07-13 00:00:00,66.9,0.740093384263,0.123787183406,0.443611354638,0.172694846219,2
2015-07-13 06:00:00,6,2015-07-13 00:00:00,2015-07-13 00:00:00,66.9,0.899532122879,0.0999194617351,0.585908570863,0.213704090281,2
2015-07-13 07:00:00,7,2015-07-13 00:00:00,2015-07-13 00:00:00,68.0,0.778341212612,0.0633225284175,0.451750426581,0.263268257614,2
2015-07-13 08:00:00,8,2015-07-13 00:00:00,2015-07-13 08:00:00,71.1,0.308091061032,0.100318517891,0.100115429968,0.107657113173,0
2015-07-13 09:00:00,9,2015-07-13 00:00:00,2015-07-13 08:00:00,73.9,0.37640401912,0.128492098525,0.141254322052,0.106657598543,0
2015-07-13 10:00:00,10,2015-07-13 00:00:00,2015-07-13 08:00:00,75.9,0.395770244692,0.116250528068,0.157775595605,0.121744121019,0
2015-07-13 11:00:00,11,2015-07-13 00:00:00,2015-07-13 08:00:00,78.1,0.358803953274,0.0624700171949,0.112357286975,0.183976649103,0
2015-07-13 12:00:00,12,2015-07-13 00:00:00,2015-07-13 08:00:00,79.0,0.414200427871,0.0960759192287,0.128582517739,0.189541990903,0
2015-07-13 13:00:00,13,2015-07-13 00:00:00,2015-07-13 08:00:00,80.1,0.40580028513,0.147034777773,0.10529978352,0.153465723837,0
2015-07-13 14:00:00,14,2015-07-13 00:00:00,2015-07-13 08:00:00,80.1,0.288455660514,0.111725105422,0.0223555410955,0.154375013996,0
2015-07-13 15:00:00,15,2015-07-13 00:00:00,2015-07-13 08:00:00,80.1,0.254435656298,0.108738196413,0.0403833349659,0.105314124919,0
2015-07-13 16:00:00,16,2015-07-13 00:00:00,2015-07-13 16:00:00,80.1,2.45695237065,1.56700111863,0.784554885427,0.10539636659,2
2015-07-13 17:00:00,17,2015-07-13 00:00:00,2015-07-13 16:00:00,80.1,1.81707198133,1.01448306196,0.723152518869,0.0794364004979,2
2015-07-13 18:00:00,18,2015-07-13 00:00:00,2015-07-13 16:00:00,80.1,1.40721767302,0.766200489348,0.441631673884,0.199385509783,2
2015-07-13 19:00:00,19,2015-07-13 00:00:00,2015-07-13 16:00:00,77.0,1.59570820888,0.884830263382,0.541818489679,0.169059455824,2
2015-07-13 20:00:00,20,2015-07-13 00:00:00,2015-07-13 16:00:00,73.9,0.998536077533,0.422024558606,0.355311479322,0.221200039606,2
2015-07-13 21:00:00,21,2015-07-13 00:00:00,2015-07-13 16:00:00,73.9,1.28667362352,0.385376878341,0.760556858416,0.140739886764,2
2015-07-13 22:00:00,22,2015-07-13 00:00:00,2015-07-13 16:00:00,72.0,0.701109888129,0.395483599206,0.0718121882703,0.233814100652,1
2015-07-13 23:00:00,23,2015-07-13 00:00:00,2015-07-13 16:00:00,70.0,0.629089897679,0.104671236424,0.175824353578,0.348594307678,1
2015-07-14 00:00:00,0,2015-07-14 00:00:00,2015-07-14 00:00:00,70.0,0.326780330654,0.0767141496142,0.0506688932801,0.19939728776,1
2015-07-14 01:00:00,1,2015-07-14 00:00:00,2015-07-14 00:00:00,70.0,0.508453770874,0.173089130433,0.03744348699,0.297921153451,1
2015-07-14 02:00:00,2,2015-07-14 00:00:00,2015-07-14 00:00:00,69.1,0.637742413624,0.0705728958911,0.12451521546,0.442654302273,1
2015-07-14 03:00:00,3,2015-07-14 00:00:00,2015-07-14 00:00:00,69.1,0.837324837584,0.0769838304113,0.51292339647,0.247417610702,2
2015-07-14 04:00:00,4,2015-07-14 00:00:00,2015-07-14 00:00:00,69.1,0.266577545449,0.0916221976062,0.0588787961968,0.116076551646,1
2015-07-14 05:00:00,5,2015-07-14 00:00:00,2015-07-14 00:00:00,69.1,0.837785804321,0.10296620502,0.368000099134,0.366819500167,2
2015-07-14 06:00:00,6,2015-07-14 00:00:00,2015-07-14 00:00:00,68.0,0.371522398667,0.076872214052,0.156638948296,0.138011236319,1
2015-07-14 07:00:00,7,2015-07-14 00:00:00,2015-07-14 00:00:00,68.0,0.463269452038,0.094083539772,0.118655673861,0.250530238405,0
2015-07-14 08:00:00,8,2015-07-14 00:00:00,2015-07-14 08:00:00,69.1,0.370547936891,0.112026107458,0.0668989831659,0.191622846267,0
2015-07-14 09:00:00,9,2015-07-14 00:00:00,2015-07-14 08:00:00,71.1,0.427198588641,0.126314118488,0.162068931543,0.13881553861,0
2015-07-14 10:00:00,10,2015-07-14 00:00:00,2015-07-14 08:00:00,73.9,0.411602225991,0.032147395733,0.0677525888951,0.311702241363,0
2015-07-14 11:00:00,11,2015-07-14 00:00:00,2015-07-14 08:00:00,77.0,0.34617430932,0.124403840185,0.0647634539551,0.15700701518,0
2015-07-14 12:00:00,12,2015-07-14 00:00:00,2015-07-14 08:00:00,78.1,1.65045048127,0.876754469422,0.498138526515,0.275557485328,2
2015-07-14 13:00:00,13,2015-07-14 00:00:00,2015-07-14 08:00:00,78.1,0.457184901457,0.0677928905471,0.107484104969,0.281907905941,0
2015-07-14 14:00:00,14,2015-07-14 00:00:00,2015-07-14 08:00:00,79.0,0.242556595555,0.0632925225096,0.0376658075429,0.141598265502,0
2015-07-14 15:00:00,15,2015-07-14 00:00:00,2015-07-14 08:00:00,79.0,0.32037139719,0.0874735814333,0.0530051210892,0.179892694668,0
2015-07-14 16:00:00,16,2015-07-14 00:00:00,2015-07-14 16:00:00,77.0,0.374598300901,0.134731789379,0.0577630204479,0.182103491074,0
2015-07-14 17:00:00,17,2015-07-14 00:00:00,2015-07-14 16:00:00,75.0,0.460856648049,0.0930784838846,0.0548117301593,0.312966434005,0
2015-07-14 18:00:00,18,2015-07-14 00:00:00,2015-07-14 16:00:00,73.0,0.741485876648,0.370517106509,0.245679433753,0.125289336385,2
2015-07-14 19:00:00,19,2015-07-14 00:00:00,2015-07-14 16:00:00,69.1,0.305960502064,0.0880906038688,0.0290794250383,0.188790473157,0
2015-07-14 20:00:00,20,2015-07-14 00:00:00,2015-07-14 16:00:00,68.0,0.683072981516,0.0610576005268,0.392261023247,0.229754357743,2
2015-07-14 21:00:00,21,2015-07-14 00:00:00,2015-07-14 16:00:00,68.0,1.19058690231,0.0871373286784,0.92649360892,0.176955964709,2
2015-07-14 22:00:00,22,2015-07-14 00:00:00,2015-07-14 16:00:00,66.9,0.592841319621,0.0681335635309,0.0693896448279,0.455318111262,1
2015-07-14 23:00:00,23,2015-07-14 00:00:00,2015-07-14 16:00:00,68.0,0.255383114448,0.0670723382678,0.0266666488849,0.161644127296,1
2015-07-15 00:00:00,0,2015-07-15 00:00:00,2015-07-15 00:00:00,68.0,0.710306586768,0.0800465986795,0.213851338407,0.416408649681,2
2015-07-15 01:00:00,1,2015-07-15 00:00:00,2015-07-15 00:00:00,69.1,0.583047457507,0.141231220372,0.118005710777,0.323810526358,1
2015-07-15 02:00:00,2,2015-07-15 00:00:00,2015-07-15 00:00:00,69.1,0.366692026656,0.109037824641,0.0669685174818,0.190685684533,1
2015-07-15 03:00:00,3,2015-07-15 00:00:00,2015-07-15 00:00:00,69.1,0.482936546717,0.139928126256,0.100646571234,0.242361849227,1
2015-07-15 04:00:00,4,2015-07-15 00:00:00,2015-07-15 00:00:00,69.8,0.383227762119,0.047530637638,0.123670046338,0.212027078143,1
2015-07-15 05:00:00,5,2015-07-15 00:00:00,2015-07-15 00:00:00,68.0,0.776635542756,0.0934483095043,0.151883460743,0.531303772508,1
2015-07-15 06:00:00,6,2015-07-15 00:00:00,2015-07-15 00:00:00,69.1,0.561996066993,0.0904221074865,0.322223312408,0.149350647099,2
2015-07-15 07:00:00,7,2015-07-15 00:00:00,2015-07-15 00:00:00,70.0,0.411517283448,0.156266171929,0.0682859391864,0.186965172332,0
2015-07-15 08:00:00,8,2015-07-15 00:00:00,2015-07-15 08:00:00,70.0,0.391705469759,0.0992285976909,0.0986194794412,0.193857392627,0
2015-07-15 09:00:00,9,2015-07-15 00:00:00,2015-07-15 08:00:00,70.0,0.330789824028,0.110069099198,0.100047346441,0.120673378388,0
2015-07-15 10:00:00,10,2015-07-15 00:00:00,2015-07-15 08:00:00,70.0,0.689330108098,0.116130564952,0.374058868963,0.199140674183,2
2015-07-15 11:00:00,11,2015-07-15 00:00:00,2015-07-15 08:00:00,73.0,1.0540423233,0.39777377683,0.464314376007,0.191954170467,2
2015-07-15 12:00:00,12,2015-07-15 00:00:00,2015-07-15 08:00:00,73.0,0.428651137807,0.144373106314,0.138780852501,0.145497178992,0
2015-07-15 13:00:00,13,2015-07-15 00:00:00,2015-07-15 08:00:00,73.9,0.49878017824,0.115415534751,0.16325217089,0.220112472599,0
2015-07-15 14:00:00,14,2015-07-15 00:00:00,2015-07-15 08:00:00,73.9,0.359049252902,0.0841995647651,0.080199947631,0.194649740505,0
2015-07-15 15:00:00,15,2015-07-15 00:00:00,2015-07-15 08:00:00,73.9,0.370137349408,0.12202000992,0.0897861527879,0.158331186701,0
2015-07-15 16:00:00,16,2015-07-15 00:00:00,2015-07-15 16:00:00,75.0,1.01041692151,0.342045692054,0.45836041032,0.21001081914,2
2015-07-15 17:00:00,17,2015-07-15 00:00:00,2015-07-15 16:00:00,75.0,0.28655174343,0.107979734419,0.0703976599304,0.108174349081,0
2015-07-15 18:00:00,18,2015-07-15 00:00:00,2015-07-15 16:00:00,75.0,0.555581067458,0.108993860232,0.128556459198,0.318030748028,0
2015-07-15 19:00:00,19,2015-07-15 00:00:00,2015-07-15 16:00:00,73.0,0.303717405833,0.0529617768809,0.0591133253343,0.191642303617,0
2015-07-15 20:00:00,20,2015-07-15 00:00:00,2015-07-15 16:00:00,69.1,1.20713450856,0.119596063071,0.899090460331,0.188447985156,2
2015-07-15 21:00:00,21,2015-07-15 00:00:00,2015-07-15 16:00:00,66.0,0.316250076556,0.0520794701825,0.0722530523559,0.191917554017,1
2015-07-15 22:00:00,22,2015-07-15 00:00:00,2015-07-15 16:00:00,63.0,0.325516147406,0.106921460996,0.104829451187,0.113765235222,1
2015-07-15 23:00:00,23,2015-07-15 00:00:00,2015-07-15 16:00:00,61.0,0.351746251289,0.0616122027745,0.0944981295504,0.195635918964,1
2015-07-16 00:00:00,0,2015-07-16 00:00:00,2015-07-16 00:00:00,60.1,0.293992800102,0.105483467958,0.0670409486277,0.121468383516,1
2015-07-16 01:00:00,1,2015-07-16 00:00:00,2015-07-16 00:00:00,59.0,0.438318346633,0.101700251261,0.153931792885,0.182686302487,1
2015-07-16 02:00:00,2,2015-07-16 00:00:00,2015-07-16 00:00:00,57.0,0.499389116311,0.10558432495,0.162234601483,0.231570189878,1
2015-07-16 03:00:00,3,2015-07-16 00:00:00,2015-07-16 00:00:00,57.0,0.540896748694,0.0699623845951,0.117666635114,0.353267728985,1
2015-07-16 04:00:00,4,2015-07-16 00:00:00,2015-07-16 00:00:00,55.9,0.414609694747,0.122522120043,0.183858063417,0.108229511288,1
2015-07-16 05:00:00,5,2015-07-16 00:00:00,2015-07-16 00:00:00,55.0,0.423968308251,0.0696430460534,0.22237863983,0.131946622367,1
2015-07-16 06:00:00,6,2015-07-16 00:00:00,2015-07-16 00:00:00,55.9,0.756433514341,0.158263079578,0.490605163973,0.107565270791,2
2015-07-16 07:00:00,7,2015-07-16 00:00:00,2015-07-16 00:00:00,57.9,0.423664626793,0.0746321022336,0.0720556347446,0.276976889815,0
2015-07-16 08:00:00,8,2015-07-16 00:00:00,2015-07-16 08:00:00,61.0,0.784238397742,0.0854526573287,0.530101271175,0.168684469238,2
2015-07-16 09:00:00,9,2015-07-16 00:00:00,2015-07-16 08:00:00,64.9,0.440319467423,0.0786620806133,0.0878697111473,0.273787675662,0
2015-07-16 10:00:00,10,2015-07-16 00:00:00,2015-07-16 08:00:00,66.9,0.420068520717,0.106310216167,0.153275223927,0.160483080624,0
2015-07-16 11:00:00,11,2015-07-16 00:00:00,2015-07-16 08:00:00,70.0,0.30750152955,0.102850036738,0.0376842663575,0.166967226454,0
2015-07-16 12:00:00,12,2015-07-16 00:00:00,2015-07-16 08:00:00,73.0,0.374958157883,0.107984682905,0.0399759242596,0.226997550718,0
2015-07-16 13:00:00,13,2015-07-16 00:00:00,2015-07-16 08:00:00,77.0,2.13030016367,1.29695866602,0.419580326661,0.413761170986,2
2015-07-16 14:00:00,14,2015-07-16 00:00:00,2015-07-16 08:00:00,78.1,0.417318757282,0.06723768729,0.0513413163686,0.298739753623,0
2015-07-16 15:00:00,15,2015-07-16 00:00:00,2015-07-16 08:00:00,79.0,0.519043535708,0.089695077283,0.184082726542,0.245265731883,0
2015-07-16 16:00:00,16,2015-07-16 00:00:00,2015-07-16 16:00:00,78.1,1.75951930738,1.02585988403,0.520979913607,0.212679509746,2
2015-07-16 17:00:00,17,2015-07-16 00:00:00,2015-07-16 16:00:00,79.0,0.388181552444,0.100513290309,0.0415143744621,0.246153887673,0
2015-07-16 18:00:00,18,2015-07-16 00:00:00,2015-07-16 16:00:00,79.0,0.352929453957,0.0625921221768,0.170968110523,0.119369221258,0
2015-07-16 19:00:00,19,2015-07-16 00:00:00,2015-07-16 16:00:00,75.9,0.420672501543,0.12103179013,0.069654475383,0.22998623603,0
2015-07-16 20:00:00,20,2015-07-16 00:00:00,2015-07-16 16:00:00,73.0,0.735205254474,0.215834839266,0.334288120372,0.185082294836,2
2015-07-16 21:00:00,21,2015-07-16 00:00:00,2015-07-16 16:00:00,70.0,1.05423216537,0.127691974791,0.645595646975,0.280944543603,2
2015-07-16 22:00:00,22,2015-07-16 00:00:00,2015-07-16 16:00:00,66.0,0.404086918026,0.135427028652,0.0865874473214,0.182072442052,1
2015-07-16 23:00:00,23,2015-07-16 00:00:00,2015-07-16 16:00:00,63.0,0.429312071311,0.181122807962,0.112624577682,0.135564685667,1
2015-07-17 00:00:00,0,2015-07-17 00:00:00,2015-07-17 00:00:00,66.0,0.65697844051,0.100735855634,0.276876572814,0.279366012062,2
2015-07-17 01:00:00,1,2015-07-17 00:00:00,2015-07-17 00:00:00,64.9,0.417609096426,0.113418826376,0.151424240839,0.152766029211,1
2015-07-17 02:00:00,2,2015-07-17 00:00:00,2015-07-17 00:00:00,64.0,0.390657531496,0.127802700254,0.187283950559,0.075570880683,1
2015-07-17 03:00:00,3,2015-07-17 00:00:00,2015-07-17 00:00:00,63.0,0.296498239432,0.0882056401743,0.0676220716765,0.140670527581,1
2015-07-17 04:00:00,4,2015-07-17 00:00:00,2015-07-17 00:00:00,61.0,0.362045689269,0.0709115894604,0.103273343362,0.187860756446,1
2015-07-17 05:00:00,5,2015-07-17 00:00:00,2015-07-17 00:00:00,62.1,0.414736283412,0.165288717187,0.0720902552854,0.17735731094,1
2015-07-17 06:00:00,6,2015-07-17 00:00:00,2015-07-17 00:00:00,62.1,0.820195944226,0.0761732921784,0.624432165813,0.119590486235,2
2015-07-17 07:00:00,7,2015-07-17 00:00:00,2015-07-17 00:00:00,64.9,0.584373636191,0.0836426897958,0.339451347798,0.161279598597,2
2015-07-17 08:00:00,8,2015-07-17 00:00:00,2015-07-17 08:00:00,66.9,0.579612957348,0.143451527024,0.0925059226096,0.343655507715,0
2015-07-17 09:00:00,9,2015-07-17 00:00:00,2015-07-17 08:00:00,73.0,0.498150718105,0.0864138617258,0.133861843616,0.277875012763,0
2015-07-17 10:00:00,10,2015-07-17 00:00:00,2015-07-17 08:00:00,75.0,0.426868027733,0.0986165845615,0.10577352848,0.222477914691,0
2015-07-17 11:00:00,11,2015-07-17 00:00:00,2015-07-17 08:00:00,80.1,0.356295587655,0.13614107384,0.126002623717,0.0941518900978,0
2015-07-17 12:00:00,12,2015-07-17 00:00:00,2015-07-17 08:00:00,79.0,0.356868036706,0.11959641148,0.0793098723037,0.157961752922,0
2015-07-17 13:00:00,13,2015-07-17 00:00:00,2015-07-17 08:00:00,80.1,0.263683655512,0.0956383002462,0.0858155132377,0.0822298420284,0
2015-07-17 14:00:00,14,2015-07-17 00:00:00,2015-07-17 08:00:00,80.1,0.347510207217,0.106885264838,0.0791630151914,0.161461927188,0
2015-07-17 15:00:00,15,2015-07-17 00:00:00,2015-07-17 08:00:00,79.0,0.50074038968,0.150060307721,0.145618355311,0.205061726648,0
2015-07-17 16:00:00,16,2015-07-17 00:00:00,2015-07-17 16:00:00,81.0,2.03622535199,1.32718160942,0.504653494733,0.204390247841,2
2015-07-17 17:00:00,17,2015-07-17 00:00:00,2015-07-17 16:00:00,82.0,0.536209381327,0.126768963046,0.0775201356917,0.33192028259,0
2015-07-17 18:00:00,18,2015-07-17 00:00:00,2015-07-17 16:00:00,82.9,0.569772570238,0.398722646164,0.0576070234077,0.113442900666,0
2015-07-17 19:00:00,19,2015-07-17 00:00:00,2015-07-17 16:00:00,82.0,0.421801584944,0.170269603308,0.123815908232,0.127716073404,0
2015-07-17 20:00:00,20,2015-07-17 00:00:00,2015-07-17 16:00:00,81.0,1.59887217606,0.960351178099,0.509353131737,0.129167866221,2
2015-07-17 21:00:00,21,2015-07-17 00:00:00,2015-07-17 16:00:00,79.0,1.52020066128,0.949957160621,0.52703240073,0.0432110999331,2
2015-07-17 22:00:00,22,2015-07-17 00:00:00,2015-07-17 16:00:00,78.1,1.48350834526,1.31729734058,0.082597724733,0.0836132799404,1
2015-07-17 23:00:00,23,2015-07-17 00:00:00,2015-07-17 16:00:00,75.9,1.07456247969,0.778769544404,0.196886967652,0.0989059676379,1
2015-07-18 00:00:00,0,2015-07-18 00:00:00,2015-07-18 00:00:00,77.0,0.945981330758,0.728621977211,0.0515031224296,0.165856231117,1
2015-07-18 01:00:00,1,2015-07-18 00:00:00,2015-07-18 00:00:00,77.0,0.936176749717,0.821077416983,0.0710738617432,0.0440254709908,1
2015-07-18 02:00:00,2,2015-07-18 00:00:00,2015-07-18 00:00:00,77.0,1.17937692298,0.518685875445,0.144800791065,0.515890256468,1
2015-07-18 03:00:00,3,2015-07-18 00:00:00,2015-07-18 00:00:00,77.0,1.13250323676,0.934167127486,0.14905813825,0.0492779710274,1
2015-07-18 04:00:00,4,2015-07-18 00:00:00,2015-07-18 00:00:00,75.9,1.1734825907,0.65168830717,0.113238731309,0.408555552225,1
2015-07-18 05:00:00,5,2015-07-18 00:00:00,2015-07-18 00:00:00,75.9,1.18476926477,0.63779269311,0.225726112648,0.321250459012,2
2015-07-18 06:00:00,6,2015-07-18 00:00:00,2015-07-18 00:00:00,75.0,1.14644233613,0.360149943027,0.613312195895,0.172980197209,2
2015-07-18 07:00:00,7,2015-07-18 00:00:00,2015-07-18 00:00:00,77.0,1.62485947018,0.980997340419,0.529327449326,0.114534680432,2
2015-07-18 08:00:00,8,2015-07-18 00:00:00,2015-07-18 08:00:00,79.0,0.388869445474,0.0581689360766,0.0871601662336,0.243540343164,0
2015-07-18 09:00:00,9,2015-07-18 00:00:00,2015-07-18 08:00:00,80.1,0.349698907801,0.0913412928629,0.0552894242108,0.203068190728,0
2015-07-18 10:00:00,10,2015-07-18 00:00:00,2015-07-18 08:00:00,81.0,0.493004653116,0.201395030625,0.0289501134,0.262659509091,0
2015-07-18 11:00:00,11,2015-07-18 00:00:00,2015-07-18 08:00:00,82.9,2.74411621736,1.54885202624,1.0202052492,0.175058941927,2
2015-07-18 12:00:00,12,2015-07-18 00:00:00,2015-07-18 08:00:00,84.9,0.915819873764,0.552084224925,0.0315554136968,0.332180235142,0
2015-07-18 13:00:00,13,2015-07-18 00:00:00,2015-07-18 08:00:00,86.0,0.513213297486,0.393630443815,0.0643448591908,0.0552379944809,0
2015-07-18 14:00:00,14,2015-07-18 00:00:00,2015-07-18 08:00:00,86.0,0.561065798148,0.276153824448,0.0312469382449,0.253665035455,0
2015-07-18 15:00:00,15,2015-07-18 00:00:00,2015-07-18 08:00:00,86.0,0.906484241548,0.589273198001,0.143779072841,0.173431970706,0
2015-07-18 16:00:00,16,2015-07-18 00:00:00,2015-07-18 16:00:00,86.0,2.68715215483,1.74758495223,0.68428135093,0.25528585167,2
2015-07-18 17:00:00,17,2015-07-18 00:00:00,2015-07-18 16:00:00,87.1,0.695848486605,0.496607106322,0.0492612641095,0.149980116173,0
2015-07-18 18:00:00,18,2015-07-18 00:00:00,2015-07-18 16:00:00,86.0,0.823766302575,0.554596080354,0.125543612907,0.143626609315,0
2015-07-18 19:00:00,19,2015-07-18 00:00:00,2015-07-18 16:00:00,84.0,0.388164003128,0.298306779839,0.035944350717,0.0539128725721,0
2015-07-18 20:00:00,20,2015-07-18 00:00:00,2015-07-18 16:00:00,82.0,1.66559098548,0.975043804849,0.244435134015,0.446112046614,2
2015-07-18 21:00:00,21,2015-07-18 00:00:00,2015-07-18 16:00:00,80.1,1.29764455479,0.990479374533,0.0878317203381,0.219333459921,1
2015-07-18 22:00:00,22,2015-07-18 00:00:00,2015-07-18 16:00:00,79.0,2.04052975891,1.77912741402,0.0652747324955,0.196127612398,1
2015-07-18 23:00:00,23,2015-07-18 00:00:00,2015-07-18 16:00:00,79.0,1.70128394381,1.28084773759,0.14383518881,0.276601017417,1
2015-07-19 00:00:00,0,2015-07-19 00:00:00,2015-07-19 00:00:00,78.1,0.966817388521,0.600645512261,0.0592181240245,0.306953752235,1
2015-07-19 01:00:00,1,2015-07-19 00:00:00,2015-07-19 00:00:00,77.0,0.971913539179,0.506361176517,0.0628089326523,0.402743430009,1
2015-07-19 02:00:00,2,2015-07-19 00:00:00,2015-07-19 00:00:00,75.9,1.23071400951,0.853326430679,0.187297802072,0.190089776761,1
2015-07-19 03:00:00,3,2015-07-19 00:00:00,2015-07-19 00:00:00,75.9,0.863740883108,0.645274460069,0.15308249104,0.0653839319989,1
2015-07-19 04:00:00,4,2015-07-19 00:00:00,2015-07-19 00:00:00,73.9,0.995566701424,0.562575419201,0.106300925019,0.326690357203,1
2015-07-19 05:00:00,5,2015-07-19 00:00:00,2015-07-19 00:00:00,73.9,0.775988403876,0.609034685867,0.0998338362148,0.0671198817944,1
2015-07-19 06:00:00,6,2015-07-19 00:00:00,2015-07-19 00:00:00,73.0,1.28524247105,0.346584647319,0.785942124954,0.152715698777,2
2015-07-19 07:00:00,7,2015-07-19 00:00:00,2015-07-19 00:00:00,75.0,1.53007080228,0.559993866426,0.853657204299,0.116419731557,2
2015-07-19 08:00:00,8,2015-07-19 00:00:00,2015-07-19 08:00:00,77.0,0.224576758374,0.0864834032045,0.0465460449527,0.0915473102165,0
2015-07-19 09:00:00,9,2015-07-19 00:00:00,2015-07-19 08:00:00,80.1,0.328273873377,0.143095335661,0.0600776991704,0.125100838546,0
2015-07-19 10:00:00,10,2015-07-19 00:00:00,2015-07-19 08:00:00,82.0,0.600690765235,0.244953147605,0.150285678659,0.205451938971,0
2015-07-19 11:00:00,11,2015-07-19 00:00:00,2015-07-19 08:00:00,82.9,0.6248376444,0.279391149921,0.0835850350568,0.261861459423,0
2015-07-19 12:00:00,12,2015-07-19 00:00:00,2015-07-19 08:00:00,84.9,0.848823022297,0.542065337226,0.128763159685,0.177994525386,0
2015-07-19 13:00:00,13,2015-07-19 00:00:00,2015-07-19 08:00:00,87.1,1.08945837218,0.747773365612,0.111109449609,0.230575556956,0
2015-07-19 14:00:00,14,2015-07-19 00:00:00,2015-07-19 08:00:00,88.0,0.98683053684,0.761791031892,0.093765210928,0.131274294019,0
2015-07-19 15:00:00,15,2015-07-19 00:00:00,2015-07-19 08:00:00,87.1,0.706650572727,0.256537096985,0.167972913925,0.282140561817,0
2015-07-19 16:00:00,16,2015-07-19 00:00:00,2015-07-19 16:00:00,87.1,2.67945300872,2.28811930124,0.227839888379,0.1634938191,2
2015-07-19 17:00:00,17,2015-07-19 00:00:00,2015-07-19 16:00:00,86.0,2.55596406068,1.66332778663,0.545433781116,0.347202492928,2
2015-07-19 18:00:00,18,2015-07-19 00:00:00,2015-07-19 16:00:00,84.9,2.49039088358,1.98873547818,0.46091702086,0.0407383845418,2
2015-07-19 19:00:00,19,2015-07-19 00:00:00,2015-07-19 16:00:00,82.9,1.56603834873,1.1067826293,0.294784116177,0.164471603254,2
2015-07-19 20:00:00,20,2015-07-19 00:00:00,2015-07-19 16:00:00,77.0,1.33528168649,0.78441985224,0.439785911773,0.111075922479,2
2015-07-19 21:00:00,21,2015-07-19 00:00:00,2015-07-19 16:00:00,73.9,1.04909696821,0.491110962074,0.27413501304,0.283850993093,2
2015-07-19 22:00:00,22,2015-07-19 00:00:00,2015-07-19 16:00:00,73.0,0.552398979338,0.402607567652,0.0560071872939,0.0937842243921,1
2015-07-19 23:00:00,23,2015-07-19 00:00:00,2015-07-19 16:00:00,72.0,0.673186718454,0.253301229157,0.0866172214516,0.333268267845,1
2015-07-20 00:00:00,0,2015-07-20 00:00:00,2015-07-20 00:00:00,73.0,0.803635198611,0.475177566466,0.127453691945,0.201003940199,1
2015-07-20 01:00:00,1,2015-07-20 00:00:00,2015-07-20 00:00:00,72.0,0.681267048417,0.371865978805,0.0746098336618,0.234791235951,1
2015-07-20 02:00:00,2,2015-07-20 00:00:00,2015-07-20 00:00:00,71.1,0.363145457721,0.168899794803,0.0529952529381,0.14125040998,1
2015-07-20 03:00:00,3,2015-07-20 00:00:00,2015-07-20 00:00:00,71.1,0.390099657299,0.122873230221,0.0707316462144,0.196494780864,1
2015-07-20 04:00:00,4,2015-07-20 00:00:00,2015-07-20 00:00:00,69.1,0.456450447442,0.120105712802,0.0874805919588,0.248864142681,1
2015-07-20 05:00:00,5,2015-07-20 00:00:00,2015-07-20 00:00:00,69.1,0.375006679488,0.0660489751911,0.0542791235802,0.254678580717,1
2015-07-20 06:00:00,6,2015-07-20 00:00:00,2015-07-20 00:00:00,69.1,0.753317859877,0.125703701677,0.436286637999,0.191327520201,2
2015-07-20 07:00:00,7,2015-07-20 00:00:00,2015-07-20 00:00:00,70.0,1.33476411841,0.119553355388,1.08991644186,0.125294321167,2
2015-07-20 08:00:00,8,2015-07-20 00:00:00,2015-07-20 08:00:00,71.1,0.329753427753,0.124928001828,0.0563770656437,0.148448360281,0
2015-07-20 09:00:00,9,2015-07-20 00:00:00,2015-07-20 08:00:00,73.9,0.368990123078,0.114306137544,0.127686127823,0.126997857712,0
2015-07-20 10:00:00,10,2015-07-20 00:00:00,2015-07-20 08:00:00,78.1,0.537751451998,0.102204076402,0.163400774674,0.272146600921,0
2015-07-20 11:00:00,11,2015-07-20 00:00:00,2015-07-20 08:00:00,79.0,0.379989705654,0.056148633878,0.134842299312,0.188998772465,0
2015-07-20 12:00:00,12,2015-07-20 00:00:00,2015-07-20 08:00:00,81.0,0.488236739376,0.142778386026,0.0472809728957,0.298177380454,0
2015-07-20 13:00:00,13,2015-07-20 00:00:00,2015-07-20 08:00:00,82.9,1.26520217522,0.885222661482,0.145315132397,0.234664381335,2
2015-07-20 14:00:00,14,2015-07-20 00:00:00,2015-07-20 08:00:00,84.0,0.715700033289,0.360899652189,0.137010747446,0.217789633654,0
2015-07-20 15:00:00,15,2015-07-20 00:00:00,2015-07-20 08:00:00,84.9,0.631109922549,0.2911284198,0.114529579886,0.225451922863,0
2015-07-20 16:00:00,16,2015-07-20 00:00:00,2015-07-20 16:00:00,82.9,0.699797245942,0.392325835125,0.079629569818,0.227841840999,0
2015-07-20 17:00:00,17,2015-07-20 00:00:00,2015-07-20 16:00:00,82.9,0.362837743977,0.141858813123,0.0413469638771,0.179631966977,0
2015-07-20 18:00:00,18,2015-07-20 00:00:00,2015-07-20 16:00:00,82.9,0.613624045489,0.161027218697,0.176708807324,0.275888019468,0
2015-07-20 19:00:00,19,2015-07-20 00:00:00,2015-07-20 16:00:00,81.0,1.2629356733,0.688939607651,0.302520007631,0.271476058014,2
2015-07-20 20:00:00,20,2015-07-20 00:00:00,2015-07-20 16:00:00,79.0,1.8761479929,1.09480751144,0.398254607902,0.383085873559,2
2015-07-20 21:00:00,21,2015-07-20 00:00:00,2015-07-20 16:00:00,79.0,1.43285391983,0.994177440241,0.325533613046,0.113142866544,2
2015-07-20 22:00:00,22,2015-07-20 00:00:00,2015-07-20 16:00:00,77.0,1.21706111436,0.818346194642,0.14338593395,0.255328985771,1
2015-07-20 23:00:00,23,2015-07-20 00:00:00,2015-07-20 16:00:00,77.0,0.877454960752,0.58557186658,0.139606170287,0.152276923885,1
2015-07-21 00:00:00,0,2015-07-21 00:00:00,2015-07-21 00:00:00,75.9,0.979061994724,0.704375209,0.0514455366939,0.22324124903,1
2015-07-21 01:00:00,1,2015-07-21 00:00:00,2015-07-21 00:00:00,73.9,0.979908483611,0.654293669186,0.130638469099,0.194976345326,1
2015-07-21 02:00:00,2,2015-07-21 00:00:00,2015-07-21 00:00:00,73.0,0.491346151918,0.312479593388,0.0896436039718,0.0892229545576,1
2015-07-21 03:00:00,3,2015-07-21 00:00:00,2015-07-21 00:00:00,71.1,0.845403494472,0.311417783272,0.0870911858402,0.44689452536,1
2015-07-21 04:00:00,4,2015-07-21 00:00:00,2015-07-21 00:00:00,71.1,0.539172082911,0.213830686936,0.0312486326058,0.294092763369,1
2015-07-21 05:00:00,5,2015-07-21 00:00:00,2015-07-21 00:00:00,71.1,1.10184739471,0.147928018022,0.858887743384,0.0950316333086,2
2015-07-21 06:00:00,6,2015-07-21 00:00:00,2015-07-21 00:00:00,71.1,1.1273072404,0.254016676212,0.758716562986,0.114574001199,2
2015-07-21 07:00:00,7,2015-07-21 00:00:00,2015-07-21 00:00:00,71.1,0.444161213771,0.101035164222,0.234456175808,0.108669873741,0
2015-07-21 08:00:00,8,2015-07-21 00:00:00,2015-07-21 08:00:00,73.9,0.433737250672,0.127415285354,0.128024626889,0.178297338428,0
2015-07-21 09:00:00,9,2015-07-21 00:00:00,2015-07-21 08:00:00,77.0,0.292827146353,0.0694921274517,0.0982993338306,0.125035685071,0
2015-07-21 10:00:00,10,2015-07-21 00:00:00,2015-07-21 08:00:00,80.1,0.493220153022,0.108171135127,0.0939960532885,0.291052964606,0
2015-07-21 11:00:00,11,2015-07-21 00:00:00,2015-07-21 08:00:00,81.0,0.262379281509,0.148760274952,0.0631309033895,0.0504881031676,0
2015-07-21 12:00:00,12,2015-07-21 00:00:00,2015-07-21 08:00:00,82.9,0.802723290617,0.430717605717,0.102343708707,0.269661976194,0
2015-07-21 13:00:00,13,2015-07-21 00:00:00,2015-07-21 08:00:00,82.9,0.566669420787,0.328505399199,0.191658690389,0.0465053311985,0
2015-07-21 14:00:00,14,2015-07-21 00:00:00,2015-07-21 08:00:00,75.0,0.210550718045,0.0804896962126,0.039443828928,0.0906171929046,0
2015-07-21 15:00:00,15,2015-07-21 00:00:00,2015-07-21 08:00:00,73.0,0.457180588331,0.111023540241,0.143337083656,0.202819964434,0
2015-07-21 16:00:00,16,2015-07-21 00:00:00,2015-07-21 16:00:00,80.1,0.407002038411,0.135065494592,0.0466113560817,0.225325187738,0
2015-07-21 17:00:00,17,2015-07-21 00:00:00,2015-07-21 16:00:00,80.1,1.90137609258,0.965786121361,0.663642671518,0.271947299699,2
2015-07-21 18:00:00,18,2015-07-21 00:00:00,2015-07-21 16:00:00,77.0,1.45400655389,0.819305321046,0.478381054962,0.156320177877,2
2015-07-21 19:00:00,19,2015-07-21 00:00:00,2015-07-21 16:00:00,75.9,0.415876433366,0.0994771938828,0.102840241339,0.213558998145,0
2015-07-21 20:00:00,20,2015-07-21 00:00:00,2015-07-21 16:00:00,72.0,1.10668068182,0.417939672816,0.445265171459,0.243475837548,2
2015-07-21 21:00:00,21,2015-07-21 00:00:00,2015-07-21 16:00:00,70.0,0.392360453746,0.0948972271858,0.0887098366518,0.208753389909,1
2015-07-21 22:00:00,22,2015-07-21 00:00:00,2015-07-21 16:00:00,66.0,0.359735149156,0.0855435080442,0.0729626170008,0.201229024111,1
2015-07-21 23:00:00,23,2015-07-21 00:00:00,2015-07-21 16:00:00,64.9,0.631759379191,0.0665667369877,0.126831006024,0.43836163618,1
2015-07-22 00:00:00,0,2015-07-22 00:00:00,2015-07-22 00:00:00,63.0,0.375372258046,0.0916681933057,0.174318960444,0.109385104296,2
2015-07-22 01:00:00,1,2015-07-22 00:00:00,2015-07-22 00:00:00,62.1,0.386267456749,0.121937861028,0.0650039961141,0.199325599607,1
2015-07-22 02:00:00,2,2015-07-22 00:00:00,2015-07-22 00:00:00,59.0,0.396038968628,0.0909333952261,0.14664885627,0.158456717132,1
2015-07-22 03:00:00,3,2015-07-22 00:00:00,2015-07-22 00:00:00,57.9,0.30810169622,0.0688929745511,0.0435261399772,0.195682581691,1
2015-07-22 04:00:00,4,2015-07-22 00:00:00,2015-07-22 00:00:00,59.0,0.350203852719,0.143821263302,0.0623205559395,0.144062033478,1
2015-07-22 05:00:00,5,2015-07-22 00:00:00,2015-07-22 00:00:00,57.9,0.349621175445,0.0695225697766,0.15457933083,0.125519274839,1
2015-07-22 06:00:00,6,2015-07-22 00:00:00,2015-07-22 00:00:00,59.0,0.86590050611,0.0707498556545,0.578729930107,0.216420720348,2
2015-07-22 07:00:00,7,2015-07-22 00:00:00,2015-07-22 00:00:00,62.1,0.536888088989,0.141232506027,0.227451263119,0.168204319843,2
2015-07-22 08:00:00,8,2015-07-22 00:00:00,2015-07-22 08:00:00,66.9,0.408154268475,0.157427298487,0.167675936517,0.0830510334712,0
2015-07-22 09:00:00,9,2015-07-22 00:00:00,2015-07-22 08:00:00,71.1,0.354347579234,0.0655788219781,0.0544283231023,0.234340434153,0
2015-07-22 10:00:00,10,2015-07-22 00:00:00,2015-07-22 08:00:00,73.0,0.447677881772,0.127350659547,0.110765931195,0.209561291031,0
2015-07-22 11:00:00,11,2015-07-22 00:00:00,2015-07-22 08:00:00,73.9,0.381445044472,0.118495346512,0.0683466474097,0.194603050551,0
2015-07-22 12:00:00,12,2015-07-22 00:00:00,2015-07-22 08:00:00,73.9,0.32675183245,0.105418474197,0.0439177257044,0.177415632549,0
2015-07-22 13:00:00,13,2015-07-22 00:00:00,2015-07-22 08:00:00,75.9,0.432757273615,0.111694122444,0.174287311978,0.146775839193,0
2015-07-22 14:00:00,14,2015-07-22 00:00:00,2015-07-22 08:00:00,75.9,0.374812756468,0.0878022718109,0.0509666627627,0.236043821895,0
2015-07-22 15:00:00,15,2015-07-22 00:00:00,2015-07-22 08:00:00,77.0,1.20641074168,0.389360770594,0.705260905196,0.111789065891,2
2015-07-22 16:00:00,16,2015-07-22 00:00:00,2015-07-22 16:00:00,75.0,1.1157131379,0.628314552397,0.270692008064,0.216706577443,2
2015-07-22 17:00:00,17,2015-07-22 00:00:00,2015-07-22 16:00:00,77.0,1.25875617109,0.589168116028,0.366450855772,0.303137199293,2
2015-07-22 18:00:00,18,2015-07-22 00:00:00,2015-07-22 16:00:00,75.0,0.931484398153,0.294619573558,0.474507674268,0.162357150327,2
2015-07-22 19:00:00,19,2015-07-22 00:00:00,2015-07-22 16:00:00,73.9,1.34400901207,0.355054575774,0.877106487703,0.111847948594,2
2015-07-22 20:00:00,20,2015-07-22 00:00:00,2015-07-22 16:00:00,72.0,0.879835193051,0.351151010178,0.353374636382,0.175309546491,2
2015-07-22 21:00:00,21,2015-07-22 00:00:00,2015-07-22 16:00:00,70.0,1.04342648404,0.088229206225,0.676789197726,0.278408080089,2
2015-07-22 22:00:00,22,2015-07-22 00:00:00,2015-07-22 16:00:00,66.9,0.433435682454,0.106607213199,0.244801171217,0.0820272980378,2
2015-07-22 23:00:00,23,2015-07-22 00:00:00,2015-07-22 16:00:00,66.0,0.458058463864,0.109858161535,0.0822644662349,0.265935836094,1
2015-07-23 00:00:00,0,2015-07-23 00:00:00,2015-07-23 00:00:00,64.0,0.312334836086,0.119108962099,0.0605392194953,0.132686654492,1
2015-07-23 01:00:00,1,2015-07-23 00:00:00,2015-07-23 00:00:00,63.0,0.41703527431,0.0594740739964,0.192225414787,0.165335785526,1
2015-07-23 02:00:00,2,2015-07-23 00:00:00,2015-07-23 00:00:00,63.0,0.480710510235,0.117065887379,0.135958474671,0.227686148185,1
2015-07-23 03:00:00,3,2015-07-23 00:00:00,2015-07-23 00:00:00,61.0,0.411212064221,0.0551798574239,0.067896454212,0.288135752585,1
2015-07-23 04:00:00,4,2015-07-23 00:00:00,2015-07-23 00:00:00,60.1,0.458844645604,0.145832038162,0.0842149057737,0.228797701668,1
2015-07-23 05:00:00,5,2015-07-23 00:00:00,2015-07-23 00:00:00,61.0,0.296018723631,0.0939191670278,0.0883386039402,0.113760952663,1
2015-07-23 06:00:00,6,2015-07-23 00:00:00,2015-07-23 00:00:00,61.0,0.780429463537,0.0688859310162,0.481168305243,0.230375227278,2
2015-07-23 07:00:00,7,2015-07-23 00:00:00,2015-07-23 00:00:00,62.1,0.873145643847,0.123500092237,0.560813261241,0.188832290369,2
2015-07-23 08:00:00,8,2015-07-23 00:00:00,2015-07-23 08:00:00,66.9,0.945704923701,0.0974527808243,0.650423598296,0.19782854458,2
2015-07-23 09:00:00,9,2015-07-23 00:00:00,2015-07-23 08:00:00,70.0,0.300007599054,0.0594040015021,0.104423526524,0.136180071027,0
2015-07-23 10:00:00,10,2015-07-23 00:00:00,2015-07-23 08:00:00,73.9,0.514169742204,0.0573007958527,0.124835748368,0.332033197983,0
2015-07-23 11:00:00,11,2015-07-23 00:00:00,2015-07-23 08:00:00,75.0,0.329531370219,0.0936062049826,0.131654263563,0.104270901673,0
2015-07-23 12:00:00,12,2015-07-23 00:00:00,2015-07-23 08:00:00,75.9,0.387654281555,0.145617908481,0.0924161332556,0.149620239819,0
2015-07-23 13:00:00,13,2015-07-23 00:00:00,2015-07-23 08:00:00,79.0,0.357661350599,0.0826400780866,0.0887812303423,0.18624004217,0
2015-07-23 14:00:00,14,2015-07-23 00:00:00,2015-07-23 08:00:00,79.0,0.310076556855,0.0961922407908,0.0685883013104,0.145296014753,0
2015-07-23 15:00:00,15,2015-07-23 00:00:00,2015-07-23 08:00:00,79.0,2.15147963611,1.21226153663,0.745469664518,0.193748434961,2
2015-07-23 16:00:00,16,2015-07-23 00:00:00,2015-07-23 16:00:00,81.0,0.364545321039,0.207050461731,0.0584351510852,0.0990597082233,0
2015-07-23 17:00:00,17,2015-07-23 00:00:00,2015-07-23 16:00:00,79.0,1.63646326559,0.928246641369,0.581971420752,0.12624520347,2
2015-07-23 18:00:00,18,2015-07-23 00:00:00,2015-07-23 16:00:00,79.0,0.262660662865,0.107131538629,0.0898114729144,0.0657176513217,0
2015-07-23 19:00:00,19,2015-07-23 00:00:00,2015-07-23 16:00:00,78.1,1.66564514606,0.944652324273,0.542412735259,0.17858008653,2
2015-07-23 20:00:00,20,2015-07-23 00:00:00,2015-07-23 16:00:00,75.9,2.09219781829,1.21902955577,0.606151151405,0.267017111117,2
2015-07-23 21:00:00,21,2015-07-23 00:00:00,2015-07-23 16:00:00,73.0,1.0829065022,0.389123289189,0.404774974333,0.289008238673,2
2015-07-23 22:00:00,22,2015-07-23 00:00:00,2015-07-23 16:00:00,70.0,0.414826234165,0.0546778855541,0.0225713035034,0.337577045107,1
2015-07-23 23:00:00,23,2015-07-23 00:00:00,2015-07-23 16:00:00,69.1,0.395210249589,0.093055516995,0.0802158167141,0.22193891588,1
2015-07-24 00:00:00,0,2015-07-24 00:00:00,2015-07-24 00:00:00,62.1,0.359890040833,0.0626726944335,0.102496821407,0.194720524993,1
2015-07-24 01:00:00,1,2015-07-24 00:00:00,2015-07-24 00:00:00,61.0,0.449256252469,0.0746729873255,0.0465054408707,0.328077824273,1
2015-07-24 02:00:00,2,2015-07-24 00:00:00,2015-07-24 00:00:00,60.1,0.364231740239,0.1240182384,0.100459227798,0.13975427404,1
2015-07-24 03:00:00,3,2015-07-24 00:00:00,2015-07-24 00:00:00,57.9,0.946080917823,0.0561982628236,0.57063031218,0.319252342819,2
2015-07-24 04:00:00,4,2015-07-24 00:00:00,2015-07-24 00:00:00,57.9,0.31567617715,0.0997553345574,0.0942914331421,0.12162940945,1
2015-07-24 05:00:00,5,2015-07-24 00:00:00,2015-07-24 00:00:00,57.9,0.49172586026,0.116934382482,0.142513184444,0.232278293334,1
2015-07-24 06:00:00,6,2015-07-24 00:00:00,2015-07-24 00:00:00,55.9,0.352649643013,0.151632258521,0.0400486922325,0.160968692259,1
2015-07-24 07:00:00,7,2015-07-24 00:00:00,2015-07-24 00:00:00,62.1,0.614956659253,0.0806588301114,0.258954591377,0.275343237765,2
2015-07-24 08:00:00,8,2015-07-24 00:00:00,2015-07-24 08:00:00,64.9,0.354022474584,0.0849879540318,0.0785201658813,0.190514354671,0
2015-07-24 09:00:00,9,2015-07-24 00:00:00,2015-07-24 08:00:00,71.1,0.236234309677,0.0976854426369,0.0360746261047,0.102474240936,0
2015-07-24 10:00:00,10,2015-07-24 00:00:00,2015-07-24 08:00:00,75.0,0.456156750305,0.0709221274697,0.112106206612,0.273128416223,0
2015-07-24 11:00:00,11,2015-07-24 00:00:00,2015-07-24 08:00:00,78.1,0.40864254381,0.180930659779,0.087199887778,0.140511996253,0
2015-07-24 12:00:00,12,2015-07-24 00:00:00,2015-07-24 08:00:00,80.1,0.663814756331,0.121199925512,0.126437464643,0.416177366176,0
2015-07-24 13:00:00,13,2015-07-24 00:00:00,2015-07-24 08:00:00,82.0,0.423224831258,0.156526644282,0.0516724740088,0.215025712967,0
2015-07-24 14:00:00,14,2015-07-24 00:00:00,2015-07-24 08:00:00,82.9,0.60939092636,0.197075106598,0.114355519551,0.297960300211,0
2015-07-24 15:00:00,15,2015-07-24 00:00:00,2015-07-24 08:00:00,82.9,0.598488375116,0.273662413519,0.0238433949352,0.300982566662,0
2015-07-24 16:00:00,16,2015-07-24 00:00:00,2015-07-24 16:00:00,84.0,1.65709602358,0.939809040468,0.496132731126,0.221154251988,2
2015-07-24 17:00:00,17,2015-07-24 00:00:00,2015-07-24 16:00:00,84.9,2.4671840318,1.10910939752,1.15084429645,0.207230337831,2
2015-07-24 18:00:00,18,2015-07-24 00:00:00,2015-07-24 16:00:00,84.0,2.16400617646,1.2559527302,0.685087155629,0.222966290632,2
2015-07-24 19:00:00,19,2015-07-24 00:00:00,2015-07-24 16:00:00,82.0,2.11843113098,1.24320661018,0.690515496031,0.184709024771,2
2015-07-24 20:00:00,20,2015-07-24 00:00:00,2015-07-24 16:00:00,79.0,0.392658792404,0.0712206290603,0.0850704747435,0.2363676886,0
2015-07-24 21:00:00,21,2015-07-24 00:00:00,2015-07-24 16:00:00,77.0,1.55213504842,0.755270849099,0.597350071453,0.199514127868,2
2015-07-24 22:00:00,22,2015-07-24 00:00:00,2015-07-24 16:00:00,75.0,0.481642904519,0.210275870774,0.0725691607581,0.198797872987,1
2015-07-24 23:00:00,23,2015-07-24 00:00:00,2015-07-24 16:00:00,73.9,1.16885764351,0.646789480333,0.210610163728,0.311457999453,1
2015-07-25 00:00:00,0,2015-07-25 00:00:00,2015-07-25 00:00:00,69.1,0.548774478427,0.0885623493924,0.191038450965,0.269173678069,1
2015-07-25 01:00:00,1,2015-07-25 00:00:00,2015-07-25 00:00:00,68.0,0.440473907193,0.100339979071,0.118202292384,0.221931635738,1
2015-07-25 02:00:00,2,2015-07-25 00:00:00,2015-07-25 00:00:00,64.9,0.253617589893,0.094795280383,0.0912536272684,0.0675686822416,1
2015-07-25 03:00:00,3,2015-07-25 00:00:00,2015-07-25 00:00:00,64.0,0.282415917723,0.0932764317658,0.0548053160155,0.134334169942,1
2015-07-25 04:00:00,4,2015-07-25 00:00:00,2015-07-25 00:00:00,64.9,0.432055166269,0.108732141764,0.136315824841,0.187007199664,1
2015-07-25 05:00:00,5,2015-07-25 00:00:00,2015-07-25 00:00:00,62.1,0.268546436664,0.063246637981,0.0822108560258,0.123088942657,1
2015-07-25 06:00:00,6,2015-07-25 00:00:00,2015-07-25 00:00:00,62.1,0.813333932771,0.0933035781529,0.525340370626,0.194689983992,2
2015-07-25 07:00:00,7,2015-07-25 00:00:00,2015-07-25 00:00:00,66.0,0.653198121584,0.0720685048121,0.314164934667,0.266964682105,2
2015-07-25 08:00:00,8,2015-07-25 00:00:00,2015-07-25 08:00:00,72.0,0.362158714346,0.0855801256518,0.108239625711,0.168338962983,0
2015-07-25 09:00:00,9,2015-07-25 00:00:00,2015-07-25 08:00:00,75.0,0.283715186638,0.0780016392551,0.120845011053,0.0848685363308,0
2015-07-25 10:00:00,10,2015-07-25 00:00:00,2015-07-25 08:00:00,79.0,0.406573320272,0.119444504504,0.0900398901161,0.197088925652,0
2015-07-25 11:00:00,11,2015-07-25 00:00:00,2015-07-25 08:00:00,81.0,0.343952971464,0.137716175569,0.0836207732822,0.122616022613,0
2015-07-25 12:00:00,12,2015-07-25 00:00:00,2015-07-25 08:00:00,82.9,0.811380397628,0.403218579551,0.0729132715856,0.335248546492,0
2015-07-25 13:00:00,13,2015-07-25 00:00:00,2015-07-25 08:00:00,84.0,0.678448829619,0.228420002787,0.172944229084,0.277084597748,0
2015-07-25 14:00:00,14,2015-07-25 00:00:00,2015-07-25 08:00:00,84.9,0.694542195701,0.345608393174,0.0785447541007,0.270389048426,0
2015-07-25 15:00:00,15,2015-07-25 00:00:00,2015-07-25 08:00:00,84.9,0.521332315897,0.236063114029,0.14668815806,0.138581043808,0
2015-07-25 16:00:00,16,2015-07-25 00:00:00,2015-07-25 16:00:00,86.0,0.905006948365,0.635283375964,0.141398702508,0.128324869893,0
2015-07-25 17:00:00,17,2015-07-25 00:00:00,2015-07-25 16:00:00,86.0,0.745416319456,0.463204967511,0.098574829826,0.183636522118,0
2015-07-25 18:00:00,18,2015-07-25 00:00:00,2015-07-25 16:00:00,84.0,0.629727134377,0.291403510342,0.093458141812,0.244865482223,0
2015-07-25 19:00:00,19,2015-07-25 00:00:00,2015-07-25 16:00:00,82.9,1.82097178991,1.24920370002,0.420018569546,0.151749520347,2
2015-07-25 20:00:00,20,2015-07-25 00:00:00,2015-07-25 16:00:00,80.1,1.46279651828,0.993152407416,0.39086670812,0.0787774027442,2
2015-07-25 21:00:00,21,2015-07-25 00:00:00,2015-07-25 16:00:00,77.0,0.963737861511,0.330095308867,0.364682385667,0.268960166977,2
2015-07-25 22:00:00,22,2015-07-25 00:00:00,2015-07-25 16:00:00,77.0,1.02750924567,0.690815273691,0.130040869049,0.206653102934,1
2015-07-25 23:00:00,23,2015-07-25 00:00:00,2015-07-25 16:00:00,73.9,1.05704844288,0.566996437458,0.261496610955,0.228555394464,1
2015-07-26 00:00:00,0,2015-07-26 00:00:00,2015-07-26 00:00:00,73.9,0.71812338411,0.448606919489,0.0727933721367,0.196723092485,1
2015-07-26 01:00:00,1,2015-07-26 00:00:00,2015-07-26 00:00:00,73.0,0.4796471019,0.25861519211,0.109173617034,0.111858292755,1
2015-07-26 02:00:00,2,2015-07-26 00:00:00,2015-07-26 00:00:00,70.0,0.332215589772,0.118737164085,0.058102404201,0.155376021487,1
2015-07-26 03:00:00,3,2015-07-26 00:00:00,2015-07-26 00:00:00,70.0,0.482404885024,0.135954976244,0.0780944311689,0.268355477611,1
2015-07-26 04:00:00,4,2015-07-26 00:00:00,2015-07-26 00:00:00,70.0,0.430860177361,0.118799347394,0.0689132734187,0.243147556548,1
2015-07-26 05:00:00,5,2015-07-26 00:00:00,2015-07-26 00:00:00,69.1,0.365036893328,0.146236989398,0.0490469401927,0.169752963737,1
2015-07-26 06:00:00,6,2015-07-26 00:00:00,2015-07-26 00:00:00,69.1,0.882023389332,0.174020190762,0.45307134108,0.25493185749,2
2015-07-26 07:00:00,7,2015-07-26 00:00:00,2015-07-26 00:00:00,71.1,0.589537812218,0.23232048412,0.152533645338,0.204683682759,2
2015-07-26 08:00:00,8,2015-07-26 00:00:00,2015-07-26 08:00:00,75.9,1.55878723926,0.797988054948,0.537880465816,0.222918718499,2
2015-07-26 09:00:00,9,2015-07-26 00:00:00,2015-07-26 08:00:00,78.1,0.41995208867,0.135236928447,0.0816412928948,0.203073867328,0
2015-07-26 10:00:00,10,2015-07-26 00:00:00,2015-07-26 08:00:00,81.0,0.410029371102,0.185713174086,0.125127916788,0.0991882802282,0
2015-07-26 11:00:00,11,2015-07-26 00:00:00,2015-07-26 08:00:00,82.9,0.550146446927,0.312061905153,0.15433164593,0.0837528958431,0
2015-07-26 12:00:00,12,2015-07-26 00:00:00,2015-07-26 08:00:00,84.9,0.836958260141,0.489590045716,0.0495503418089,0.297817872616,0
2015-07-26 13:00:00,13,2015-07-26 00:00:00,2015-07-26 08:00:00,84.0,0.555545299128,0.2841059405,0.0606546195788,0.21078473905,0
2015-07-26 14:00:00,14,2015-07-26 00:00:00,2015-07-26 08:00:00,84.9,0.888712627112,0.464230572489,0.123961519087,0.300520535536,0
2015-07-26 15:00:00,15,2015-07-26 00:00:00,2015-07-26 08:00:00,82.9,0.604164111526,0.124629407552,0.105760521473,0.373774182501,0
2015-07-26 16:00:00,16,2015-07-26 00:00:00,2015-07-26 16:00:00,80.1,2.31084197851,1.23454078052,0.882304637864,0.193996560127,2
2015-07-26 17:00:00,17,2015-07-26 00:00:00,2015-07-26 16:00:00,80.1,2.08755218504,0.889274097744,0.993327673494,0.204950413803,2
2015-07-26 18:00:00,18,2015-07-26 00:00:00,2015-07-26 16:00:00,79.0,0.290748755154,0.150240624334,0.0320399077584,0.108468223061,0
2015-07-26 19:00:00,19,2015-07-26 00:00:00,2015-07-26 16:00:00,79.0,0.254907729035,0.0760755390134,0.0978233308151,0.0810088592065,0
2015-07-26 20:00:00,20,2015-07-26 00:00:00,2015-07-26 16:00:00,78.1,1.90742047486,1.17597445126,0.61425653351,0.117189490087,2
2015-07-26 21:00:00,21,2015-07-26 00:00:00,2015-07-26 16:00:00,73.9,1.25746628217,0.501576649793,0.61318359592,0.142706036456,2
2015-07-26 22:00:00,22,2015-07-26 00:00:00,2015-07-26 16:00:00,73.0,0.837156380357,0.500395259355,0.121074221837,0.215686899166,1
2015-07-26 23:00:00,23,2015-07-26 00:00:00,2015-07-26 16:00:00,73.0,0.633599226089,0.516432960582,0.0527555688958,0.0644106966112,1
2015-07-27 00:00:00,0,2015-07-27 00:00:00,2015-07-27 00:00:00,71.1,0.589745693656,0.236223995263,0.0663196331898,0.287202065203,1
2015-07-27 01:00:00,1,2015-07-27 00:00:00,2015-07-27 00:00:00,71.1,0.727088386932,0.359754426991,0.0707490081261,0.296584951815,1
2015-07-27 02:00:00,2,2015-07-27 00:00:00,2015-07-27 00:00:00,70.0,0.239232953586,0.0629503339496,0.0831328573167,0.0931497623195,1
2015-07-27 03:00:00,3,2015-07-27 00:00:00,2015-07-27 00:00:00,69.1,0.413933426468,0.130446813752,0.17390550605,0.109581106667,1
2015-07-27 04:00:00,4,2015-07-27 00:00:00,2015-07-27 00:00:00,69.1,0.555462014762,0.0993880416548,0.113246148143,0.342827824964,1
2015-07-27 05:00:00,5,2015-07-27 00:00:00,2015-07-27 00:00:00,68.0,0.252746168896,0.0720260135674,0.0673113012042,0.113408854124,1
2015-07-27 06:00:00,6,2015-07-27 00:00:00,2015-07-27 00:00:00,70.0,0.355893522487,0.106788597123,0.147055322758,0.102049602605,2
2015-07-27 07:00:00,7,2015-07-27 00:00:00,2015-07-27 00:00:00,71.1,0.797151687793,0.212409874244,0.421685275538,0.163056538012,2
2015-07-27 08:00:00,8,2015-07-27 00:00:00,2015-07-27 08:00:00,73.9,0.331623375564,0.102195843921,0.081545638023,0.14788189362,0
2015-07-27 09:00:00,9,2015-07-27 00:00:00,2015-07-27 08:00:00,77.0,0.493289109403,0.119857041962,0.124202549032,0.249229518409,0
2015-07-27 10:00:00,10,2015-07-27 00:00:00,2015-07-27 08:00:00,80.1,0.327386779547,0.12236363945,0.0984795021058,0.106543637991,0
2015-07-27 11:00:00,11,2015-07-27 00:00:00,2015-07-27 08:00:00,82.9,0.483933008202,0.186750346077,0.0841283623018,0.213054299823,0
2015-07-27 12:00:00,12,2015-07-27 00:00:00,2015-07-27 08:00:00,82.9,0.633373564938,0.218325353279,0.17851222796,0.236535983699,0
2015-07-27 13:00:00,13,2015-07-27 00:00:00,2015-07-27 08:00:00,87.1,1.04018560937,0.545071423335,0.200271469784,0.294842716246,0
2015-07-27 14:00:00,14,2015-07-27 00:00:00,2015-07-27 08:00:00,84.9,0.791635775717,0.369336504656,0.119345970972,0.302953300089,0
2015-07-27 15:00:00,15,2015-07-27 00:00:00,2015-07-27 08:00:00,89.1,0.724085431434,0.356415367225,0.139527270076,0.228142794134,0
2015-07-27 16:00:00,16,2015-07-27 00:00:00,2015-07-27 16:00:00,87.1,0.782099470721,0.524327131188,0.0561855070775,0.201586832455,0
2015-07-27 17:00:00,17,2015-07-27 00:00:00,2015-07-27 16:00:00,88.0,0.800941377956,0.622735980712,0.0793227850294,0.0988826122153,0
2015-07-27 18:00:00,18,2015-07-27 00:00:00,2015-07-27 16:00:00,88.0,0.768708726577,0.549565284483,0.0355595376114,0.183583904483,0
2015-07-27 19:00:00,19,2015-07-27 00:00:00,2015-07-27 16:00:00,86.0,2.57990146265,2.05167165359,0.284371347637,0.243858461417,2
2015-07-27 20:00:00,20,2015-07-27 00:00:00,2015-07-27 16:00:00,82.9,2.03261722967,1.63738712209,0.216256011144,0.178974096435,2
2015-07-27 21:00:00,21,2015-07-27 00:00:00,2015-07-27 16:00:00,81.0,1.69896927136,1.23327249235,0.332677414006,0.133019364999,2
2015-07-27 22:00:00,22,2015-07-27 00:00:00,2015-07-27 16:00:00,77.0,0.774665742222,0.530800562316,0.145452658168,0.0984125217379,1
2015-07-27 23:00:00,23,2015-07-27 00:00:00,2015-07-27 16:00:00,78.1,1.26650015066,0.85282840255,0.148827334952,0.264844413158,1
2015-07-28 00:00:00,0,2015-07-28 00:00:00,2015-07-28 00:00:00,75.9,1.04899157569,0.762395987951,0.0541699185668,0.232425669174,1
2015-07-28 01:00:00,1,2015-07-28 00:00:00,2015-07-28 00:00:00,73.0,0.898123824771,0.456741052109,0.0458137241573,0.395569048504,1
2015-07-28 02:00:00,2,2015-07-28 00:00:00,2015-07-28 00:00:00,70.0,0.393260077866,0.115862393382,0.0973685006443,0.18002918384,1
2015-07-28 03:00:00,3,2015-07-28 00:00:00,2015-07-28 00:00:00,71.1,0.626050314067,0.208686326554,0.134186992424,0.283176995089,1
2015-07-28 04:00:00,4,2015-07-28 00:00:00,2015-07-28 00:00:00,70.0,0.278725666709,0.0892171055331,0.10607999592,0.0834285652566,1
2015-07-28 05:00:00,5,2015-07-28 00:00:00,2015-07-28 00:00:00,70.0,0.473441199093,0.0988021696711,0.0836916153442,0.290947414078,1
2015-07-28 06:00:00,6,2015-07-28 00:00:00,2015-07-28 00:00:00,70.0,1.01826949738,0.124565823664,0.539550021699,0.35415365202,2
2015-07-28 07:00:00,7,2015-07-28 00:00:00,2015-07-28 00:00:00,72.0,1.18595386155,0.290233194041,0.700614367724,0.195106299789,2
2015-07-28 08:00:00,8,2015-07-28 00:00:00,2015-07-28 08:00:00,75.0,0.354067517081,0.100533489844,0.0698610147989,0.183673012438,0
2015-07-28 09:00:00,9,2015-07-28 00:00:00,2015-07-28 08:00:00,78.1,0.407498356116,0.067869104207,0.0664323671692,0.27319688474,0
2015-07-28 10:00:00,10,2015-07-28 00:00:00,2015-07-28 08:00:00,82.0,0.287509515722,0.19445221034,0.0402628810587,0.0527944243229,0
2015-07-28 11:00:00,11,2015-07-28 00:00:00,2015-07-28 08:00:00,84.9,2.40016170829,1.33273449444,0.708577769755,0.358849444093,2
2015-07-28 12:00:00,12,2015-07-28 00:00:00,2015-07-28 08:00:00,88.0,0.737612269546,0.479236663625,0.0570317220621,0.201343883858,0
2015-07-28 13:00:00,13,2015-07-28 00:00:00,2015-07-28 08:00:00,87.1,1.35958903698,0.937396695764,0.0868417860595,0.335350555152,0
2015-07-28 14:00:00,14,2015-07-28 00:00:00,2015-07-28 08:00:00,89.1,0.626719832769,0.372816730545,0.0715857537874,0.182317348436,0
2015-07-28 15:00:00,15,2015-07-28 00:00:00,2015-07-28 08:00:00,91.0,0.95563963851,0.727021390894,0.0946118610456,0.13400638657,0
2015-07-28 16:00:00,16,2015-07-28 00:00:00,2015-07-28 16:00:00,90.0,1.06271118534,0.745683403858,0.0920810988798,0.224946682605,0
2015-07-28 17:00:00,17,2015-07-28 00:00:00,2015-07-28 16:00:00,87.1,2.24392105971,1.48535460697,0.577899141488,0.18066731125,2
2015-07-28 18:00:00,18,2015-07-28 00:00:00,2015-07-28 16:00:00,88.0,0.53562527394,0.368030026468,0.0330918308127,0.134503416659,0
2015-07-28 19:00:00,19,2015-07-28 00:00:00,2015-07-28 16:00:00,86.0,2.43422075066,1.79519083263,0.512345940358,0.126683977668,2
2015-07-28 20:00:00,20,2015-07-28 00:00:00,2015-07-28 16:00:00,82.9,0.462366388693,0.278927295858,0.0209090510098,0.162530041825,0
2015-07-28 21:00:00,21,2015-07-28 00:00:00,2015-07-28 16:00:00,79.0,1.4842419207,0.79609324997,0.400310596844,0.287838073882,2
2015-07-28 22:00:00,22,2015-07-28 00:00:00,2015-07-28 16:00:00,79.0,1.47044196599,1.15878120907,0.16107482078,0.150585936149,1
2015-07-28 23:00:00,23,2015-07-28 00:00:00,2015-07-28 16:00:00,78.1,1.46620850102,0.764842013838,0.40688093376,0.294485553426,2
2015-07-29 00:00:00,0,2015-07-29 00:00:00,2015-07-29 00:00:00,78.1,1.7509078224,1.24061210704,0.379669897528,0.130625817828,2
2015-07-29 01:00:00,1,2015-07-29 00:00:00,2015-07-29 00:00:00,75.9,0.646017290126,0.352808507533,0.0821704276908,0.211038354902,1
2015-07-29 02:00:00,2,2015-07-29 00:00:00,2015-07-29 00:00:00,73.0,1.08307417191,0.179277527527,0.737633667334,0.166162977045,2
2015-07-29 03:00:00,3,2015-07-29 00:00:00,2015-07-29 00:00:00,73.9,0.948603610171,0.542140414453,0.0540213419597,0.352441853758,1
2015-07-29 04:00:00,4,2015-07-29 00:00:00,2015-07-29 00:00:00,70.0,0.646039962563,0.0811704098273,0.224500084262,0.340369468474,2
2015-07-29 05:00:00,5,2015-07-29 00:00:00,2015-07-29 00:00:00,72.0,0.521507391049,0.240201128136,0.0967243499672,0.184581912946,1
2015-07-29 06:00:00,6,2015-07-29 00:00:00,2015-07-29 00:00:00,73.0,0.76767338729,0.315222076545,0.223601799568,0.228849511177,2
2015-07-29 07:00:00,7,2015-07-29 00:00:00,2015-07-29 00:00:00,73.0,1.7625251763,0.830965470208,0.615735402781,0.315824303309,2
2015-07-29 08:00:00,8,2015-07-29 00:00:00,2015-07-29 08:00:00,77.0,0.457069428309,0.164581694511,0.0633623734891,0.229125360309,0
2015-07-29 09:00:00,9,2015-07-29 00:00:00,2015-07-29 08:00:00,80.1,0.380872643625,0.103272658296,0.180976204322,0.0966237810075,0
2015-07-29 10:00:00,10,2015-07-29 00:00:00,2015-07-29 08:00:00,82.9,2.3115325775,1.70692044495,0.386318938144,0.218293194408,2
2015-07-29 11:00:00,11,2015-07-29 00:00:00,2015-07-29 08:00:00,84.9,0.590187130322,0.278613068458,0.0608021489436,0.25077191292,0
2015-07-29 12:00:00,12,2015-07-29 00:00:00,2015-07-29 08:00:00,87.1,0.537363139183,0.268626349236,0.106153122094,0.162583667853,0
2015-07-29 13:00:00,13,2015-07-29 00:00:00,2015-07-29 08:00:00,88.0,0.792349055157,0.585450856265,0.125040040928,0.081858157964,0
2015-07-29 14:00:00,14,2015-07-29 00:00:00,2015-07-29 08:00:00,89.1,0.956553136146,0.620804239225,0.104070781436,0.231678115485,0
2015-07-29 15:00:00,15,2015-07-29 00:00:00,2015-07-29 08:00:00,89.1,0.9182388428,0.512815729489,0.111006871469,0.294416241842,0
2015-07-29 16:00:00,16,2015-07-29 00:00:00,2015-07-29 16:00:00,91.0,3.53945082121,2.69052539145,0.668330219873,0.180595209888,2
2015-07-29 17:00:00,17,2015-07-29 00:00:00,2015-07-29 16:00:00,89.1,0.71735260701,0.440746723076,0.186667660079,0.089938223855,0
2015-07-29 18:00:00,18,2015-07-29 00:00:00,2015-07-29 16:00:00,89.1,0.645798391357,0.488547769795,0.0592390926551,0.0980115289076,0
2015-07-29 19:00:00,19,2015-07-29 00:00:00,2015-07-29 16:00:00,86.0,2.50723093313,1.95724917483,0.372588302261,0.177393456043,2
2015-07-29 20:00:00,20,2015-07-29 00:00:00,2015-07-29 16:00:00,82.9,0.997508729817,0.743257342985,0.0836097762987,0.170641610534,1
2015-07-29 21:00:00,21,2015-07-29 00:00:00,2015-07-29 16:00:00,82.0,0.797043359517,0.566659245329,0.080803721105,0.149580393083,1
2015-07-29 22:00:00,22,2015-07-29 00:00:00,2015-07-29 16:00:00,81.0,2.1068030879,2.0097213139,0.0272261534449,0.0698556205537,1
2015-07-29 23:00:00,23,2015-07-29 00:00:00,2015-07-29 16:00:00,79.0,1.03417046669,0.644501327426,0.0729855191445,0.31668362012,1
2015-07-30 00:00:00,0,2015-07-30 00:00:00,2015-07-30 00:00:00,77.0,1.00159858871,0.844956467952,0.0383985252784,0.118243595481,1
2015-07-30 01:00:00,1,2015-07-30 00:00:00,2015-07-30 00:00:00,79.0,0.825030172162,0.55400680587,0.140325010142,0.13069835615,1
2015-07-30 02:00:00,2,2015-07-30 00:00:00,2015-07-30 00:00:00,77.0,2.06585742801,1.44473718179,0.174732198227,0.446388047999,1
2015-07-30 03:00:00,3,2015-07-30 00:00:00,2015-07-30 00:00:00,75.9,0.544750592812,0.296101496687,0.13266948052,0.115979615606,1
2015-07-30 04:00:00,4,2015-07-30 00:00:00,2015-07-30 00:00:00,75.9,1.14728345976,0.734744106819,0.0945225074498,0.31801684549,1
2015-07-30 05:00:00,5,2015-07-30 00:00:00,2015-07-30 00:00:00,77.0,1.21926597572,0.883525622821,0.124829563099,0.2109107898,1
2015-07-30 06:00:00,6,2015-07-30 00:00:00,2015-07-30 00:00:00,75.9,1.50613202673,0.623205151024,0.768592086394,0.114334789315,2
2015-07-30 07:00:00,7,2015-07-30 00:00:00,2015-07-30 00:00:00,75.0,1.04301112254,0.615369903002,0.352124048259,0.0755171712783,2
2015-07-30 08:00:00,8,2015-07-30 00:00:00,2015-07-30 08:00:00,77.0,1.65617938295,0.774104946091,0.406250832039,0.475823604816,2
2015-07-30 09:00:00,9,2015-07-30 00:00:00,2015-07-30 08:00:00,79.0,0.310095140083,0.122097232255,0.0258401984696,0.162157709359,0
2015-07-30 10:00:00,10,2015-07-30 00:00:00,2015-07-30 08:00:00,81.0,0.451845789719,0.0600655694976,0.149719839841,0.24206038038,0
2015-07-30 11:00:00,11,2015-07-30 00:00:00,2015-07-30 08:00:00,82.9,0.463624948041,0.263987951399,0.131183340848,0.0684536557937,0
2015-07-30 12:00:00,12,2015-07-30 00:00:00,2015-07-30 08:00:00,84.0,0.589591084796,0.213601503462,0.119259222483,0.256730358852,0
2015-07-30 13:00:00,13,2015-07-30 00:00:00,2015-07-30 08:00:00,86.0,0.56477235524,0.344284428203,0.0439059479346,0.176581979102,0
2015-07-30 14:00:00,14,2015-07-30 00:00:00,2015-07-30 08:00:00,87.1,2.5736531185,1.69947119827,0.749852929997,0.124328990236,2
2015-07-30 15:00:00,15,2015-07-30 00:00:00,2015-07-30 08:00:00,86.0,0.900809396744,0.509045690411,0.0657240880548,0.326039618278,0
2015-07-30 16:00:00,16,2015-07-30 00:00:00,2015-07-30 16:00:00,86.0,3.19302669032,2.33278996557,0.702662818039,0.157573906713,2
2015-07-30 17:00:00,17,2015-07-30 00:00:00,2015-07-30 16:00:00,86.0,0.640903548389,0.350161804987,0.0866591892502,0.204082554152,0
2015-07-30 18:00:00,18,2015-07-30 00:00:00,2015-07-30 16:00:00,84.0,0.795615156097,0.550369784953,0.0858198022217,0.159425568922,0
2015-07-30 19:00:00,19,2015-07-30 00:00:00,2015-07-30 16:00:00,80.1,1.81333028616,1.47423410172,0.266949856917,0.0721463275242,2
2015-07-30 20:00:00,20,2015-07-30 00:00:00,2015-07-30 16:00:00,78.1,1.2364276424,0.780187173258,0.24368181068,0.212558658463,2
2015-07-30 21:00:00,21,2015-07-30 00:00:00,2015-07-30 16:00:00,75.0,1.22538186061,0.703432395528,0.443779351672,0.078170113411,2
2015-07-30 22:00:00,22,2015-07-30 00:00:00,2015-07-30 16:00:00,73.9,0.916839734594,0.604298977274,0.106486363002,0.206054394319,1
2015-07-30 23:00:00,23,2015-07-30 00:00:00,2015-07-30 16:00:00,71.1,0.445009877258,0.238101088454,0.0998201774003,0.107088611403,1
2015-07-31 00:00:00,0,2015-07-31 00:00:00,2015-07-31 00:00:00,70.0,1.04392631304,0.116477911684,0.641642833035,0.285805568325,2
2015-07-31 01:00:00,1,2015-07-31 00:00:00,2015-07-31 00:00:00,69.1,0.459404250389,0.122442991543,0.059546120011,0.277415138835,1
2015-07-31 02:00:00,2,2015-07-31 00:00:00,2015-07-31 00:00:00,66.9,0.324588239447,0.0624167735464,0.0972240969199,0.164947368981,1
2015-07-31 03:00:00,3,2015-07-31 00:00:00,2015-07-31 00:00:00,66.0,0.525186627008,0.0888704158547,0.0493432117996,0.386972999354,1
2015-07-31 04:00:00,4,2015-07-31 00:00:00,2015-07-31 00:00:00,66.0,0.485018123717,0.126279160184,0.114092063901,0.244646899632,1
2015-07-31 05:00:00,5,2015-07-31 00:00:00,2015-07-31 00:00:00,64.9,0.337160770665,0.0625067786025,0.167496977125,0.107157014938,1
2015-07-31 06:00:00,6,2015-07-31 00:00:00,2015-07-31 00:00:00,64.0,0.964340318076,0.0768774388016,0.586785379463,0.300677499812,2
2015-07-31 07:00:00,7,2015-07-31 00:00:00,2015-07-31 00:00:00,68.0,0.804098043144,0.10508182577,0.502645860886,0.196370356488,2
2015-07-31 08:00:00,8,2015-07-31 00:00:00,2015-07-31 08:00:00,72.0,0.384797616309,0.0681868344239,0.0917382377544,0.224872544131,0
2015-07-31 09:00:00,9,2015-07-31 00:00:00,2015-07-31 08:00:00,75.9,0.215271091806,0.0723980248066,0.0774898348669,0.0653832321326,0
2015-07-31 10:00:00,10,2015-07-31 00:00:00,2015-07-31 08:00:00,80.1,0.329032426301,0.1358543875,0.134845338339,0.0583327004624,0
2015-07-31 11:00:00,11,2015-07-31 00:00:00,2015-07-31 08:00:00,81.0,1.66599570869,1.04059470723,0.38548487983,0.239916121631,2
2015-07-31 12:00:00,12,2015-07-31 00:00:00,2015-07-31 08:00:00,84.0,0.70363395207,0.359594907178,0.0635646179326,0.28047442696,0
2015-07-31 13:00:00,13,2015-07-31 00:00:00,2015-07-31 08:00:00,86.0,1.46783491159,1.08982575608,0.163333646239,0.214675509271,2
2015-07-31 14:00:00,14,2015-07-31 00:00:00,2015-07-31 08:00:00,84.0,0.274568073194,0.124674394669,0.0490859464607,0.100807732064,0
2015-07-31 15:00:00,15,2015-07-31 00:00:00,2015-07-31 08:00:00,84.9,0.637201510055,0.365559910511,0.0390423070573,0.232599292486,0
2015-07-31 16:00:00,16,2015-07-31 00:00:00,2015-07-31 16:00:00,82.0,0.447291919723,0.132810041444,0.0989985026438,0.215483375635,0
2015-07-31 17:00:00,17,2015-07-31 00:00:00,2015-07-31 16:00:00,82.9,0.591360145844,0.203684952556,0.160882769063,0.226792424225,0
2015-07-31 18:00:00,18,2015-07-31 00:00:00,2015-07-31 16:00:00,82.9,0.29276763661,0.14669047176,0.0170271803348,0.129049984515,0
2015-07-31 19:00:00,19,2015-07-31 00:00:00,2015-07-31 16:00:00,81.0,1.99066443177,1.42536641334,0.342045001549,0.223253016882,2
2015-07-31 20:00:00,20,2015-07-31 00:00:00,2015-07-31 16:00:00,78.1,1.69890728322,0.980705986066,0.461213955204,0.256987341951,2
2015-07-31 21:00:00,21,2015-07-31 00:00:00,2015-07-31 16:00:00,75.9,0.890853673733,0.556678254264,0.136210279925,0.197965139544,1
2015-07-31 22:00:00,22,2015-07-31 00:00:00,2015-07-31 16:00:00,75.9,0.967223716521,0.627064890587,0.132651047958,0.207507777976,1
2015-07-31 23:00:00,23,2015-07-31 00:00:00,2015-07-31 16:00:00,75.0,1.36932173073,1.03413903277,0.113693856845,0.221488841117,1
